b'RT nigga was in the club texting bitches how he about to fuck them crazy when he leave meanwhile I\xe2\x80\x99m at home on the MacBoo\xe2\x80\xa6',b'RT #Apple Refreshes 13-inch #MacBookPro with Magic Keyboard Bigger Base Storage and 10th Gen Intel Core Chip #MacBoo\xe2\x80\xa6',b'RT __Bello I would have put the MacBook on her head',b'RT __Bello I would have put the MacBook on her head',b'Hey heyyy heyyy https://t.co/oM7w9LC1rL',b'RT __Bello I would have put the MacBook on her head',b'RT nigga was in the club texting bitches how he about to fuck them crazy when he leave meanwhile I\xe2\x80\x99m at home on the MacBoo\xe2\x80\xa6',b'RT #Win an ALL NEW #macbookair2020 #Macbook #Apple To enter #FOLLOW US &amp #RETWEET THIS #Competition T&amp;Cs entrants MUST be\xe2\x80\xa6',b'RT nigga was in the club texting bitches how he about to fuck them crazy when he leave meanwhile I\xe2\x80\x99m at home on the MacBoo\xe2\x80\xa6',b'RT nigga was in the club texting bitches how he about to fuck them crazy when he leave meanwhile I\xe2\x80\x99m at home on the MacBoo\xe2\x80\xa6',b'RT __Bello I would have put the MacBook on her head',b'My mummy is with us for a bit I gave her my old MacBook Air (as good as new. My objective was that she used it https://t.co/TYBWizCRBw',b'RT nigga was in the club texting bitches how he about to fuck them crazy when he leave meanwhile I\xe2\x80\x99m at home on the MacBoo\xe2\x80\xa6',b'RT __Bello I would have put the MacBook on her head',b'RT @_BellaReigns Don\xe2\x80\x99t be a boring girlfriend Piss on his MacBook !!!',b'You can spend few thousand bucks for MacBook but you can\xe2\x80\x99t spend a few bucks for the paper who tir https://t.co/wKakVsMILV',b'RT __Bello I would have put the MacBook on her head',b'RT __Bello I would have put the MacBook on her head',b'RT __Bello I would have put the MacBook on her head',b'RT __Bello I would have put the MacBook on her head'
b'RT __Bello I would have put the MacBook on her head',b'RT Dm me proof that you bought the Say So remix for a chance to win this Macbook pro https://t.co/hdKzO5BkEH',b'RT nigga was in the club texting bitches how he about to fuck them crazy when he leave meanwhile I\xe2\x80\x99m at home on the MacBoo\xe2\x80\xa6',b'RT __Bello I would have put the MacBook on her head',b'RT nigga was in the club texting bitches how he about to fuck them crazy when he leave meanwhile I\xe2\x80\x99m at home on the MacBoo\xe2\x80\xa6',b'RT nigga was in the club texting bitches how he about to fuck them crazy when he leave meanwhile I\xe2\x80\x99m at home on the MacBoo\xe2\x80\xa6',b'RT #Apple Refreshes 13-inch #MacBookPro with Magic Keyboard Bigger Base Storage and 10th Gen Intel Core Chip #MacBoo\xe2\x80\xa6',b'RT __Bello I would have put the MacBook on her head',b'RT __Bello I would have put the MacBook on her head',b'Hey heyyy heyyy https://t.co/oM7w9LC1rL',b'RT __Bello I would have put the MacBook on her head',b'RT nigga was in the club texting bitches how he about to fuck them crazy when he leave meanwhile I\xe2\x80\x99m at home on the MacBoo\xe2\x80\xa6',b'RT #Win an ALL NEW #macbookair2020 #Macbook #Apple To enter #FOLLOW US &amp #RETWEET THIS #Competition T&amp;Cs entrants MUST be\xe2\x80\xa6',b'RT nigga was in the club texting bitches how he about to fuck them crazy when he leave meanwhile I\xe2\x80\x99m at home on the MacBoo\xe2\x80\xa6',b'RT nigga was in the club texting bitches how he about to fuck them crazy when he leave meanwhile I\xe2\x80\x99m at home on the MacBoo\xe2\x80\xa6',b'RT __Bello I would have put the MacBook on her head',b'My mummy is with us for a bit I gave her my old MacBook Air (as good as new. My objective was that she used it https://t.co/TYBWizCRBw',b'RT nigga was in the club texting bitches how he about to fuck them crazy when he leave meanwhile I\xe2\x80\x99m at home on the MacBoo\xe2\x80\xa6',b'RT __Bello I would have put the MacBook on her head',b'RT @_BellaReigns Don\xe2\x80\x99t be a boring girlfriend Piss on his MacBook !!!'
b'RT nigga was in the club texting bitches how he about to fuck them crazy when he leave meanwhile I\xe2\x80\x99m at home on the MacBoo\xe2\x80\xa6',b'RT __Bello I would have put the MacBook on her head',b'RT __Bello I would have put the MacBook on her head',b'RT iPhone\xe2\x9c\x85MacBook\xe2\x9c\x85Airpods\xe2\x9c\x85Apple Watch\xe2\x9c\x85if there was a car I would buy it but its fine a Mercedes will do...',b'RT #Win an ALL NEW #macbookair2020 #Macbook #Apple To enter #FOLLOW US &amp #RETWEET THIS #Competition T&amp;Cs entrants MUST be\xe2\x80\xa6',b'RT oh to be the macbook that\xe2\x80\x99s beside hongjoong when sleeping https://t.co/dRaoh8prfa',b'RT Must not have a MacBook cuz you would know this question was DUMB',b'RT nigga was in the club texting bitches how he about to fuck them crazy when he leave meanwhile I\xe2\x80\x99m at home on the MacBoo\xe2\x80\xa6',b'RT __Bello I would have put the MacBook on her head',b'RT he came home I was so calm I just handed him the MacBook with all the new and old messages open on the screen.',"b""Your parents bought you an iPhone a Macbook and a car And they're paying for your school Please tell me how hard your life is.""",b'Im not playing sims until I get my new pc because my MacBook is always saying storage full Bruh',b'RT nigga was in the club texting bitches how he about to fuck them crazy when he leave meanwhile I\xe2\x80\x99m at home on the MacBoo\xe2\x80\xa6',b'RT nigga was in the club texting bitches how he about to fuck them crazy when he leave meanwhile I\xe2\x80\x99m at home on the MacBoo\xe2\x80\xa6',b'Nekteck 45W USB C Wall Charger with Power Delivery Laptop Fast Charging Adapter Built-in 6ft Type C Cable for MacB https://t.co/gqFSYwgfhu',"b'RT Apple\xe2\x80\x99s 16-inch MacBook Pro hits one of the best prices yet at $2,025 shipped (Reg $2,399 https://t.co/fLzopawfpk'",b'RT nigga was in the club texting bitches how he about to fuck them crazy when he leave meanwhile I\xe2\x80\x99m at home on the MacBoo\xe2\x80\xa6',b'RT nigga was in the club texting bitches how he about to fuck them crazy when he leave meanwhile I\xe2\x80\x99m at home on the MacBoo\xe2\x80\xa6',b'RT __Bello I would have put the MacBook on her head',b'RT nigga was in the club texting bitches how he about to fuck them crazy when he leave meanwhile I\xe2\x80\x99m at home on the MacBoo\xe2\x80\xa6'
b'RT nigga was in the club texting bitches how he about to fuck them crazy when he leave meanwhile I\xe2\x80\x99m at home on the MacBoo\xe2\x80\xa6',b'RT #Win an ALL NEW #macbookair2020 #Macbook #Apple To enter #FOLLOW US &amp #RETWEET THIS #Competition T&amp;Cs entrants MUST be\xe2\x80\xa6',b'RT @_BellaReigns Don\xe2\x80\x99t be a boring girlfriend Piss on his MacBook !!!',"b'RT 16-Inches MacBook Pro 1 Terabyte i9 going for \xe2\x82\xb512,950. Please RT my customer may be on your timeline. Call WhatsApp iMe\xe2\x80\xa6'",b'RT AirBnB have absolutely smashed it Any employees they are laying off will get 14 weeks pay get to keep their laptops (every em\xe2\x80\xa6',b'RT nigga was in the club texting bitches how he about to fuck them crazy when he leave meanwhile I\xe2\x80\x99m at home on the MacBoo\xe2\x80\xa6',b'RT nigga was in the club texting bitches how he about to fuck them crazy when he leave meanwhile I\xe2\x80\x99m at home on the MacBoo\xe2\x80\xa6',b'Microsoft Just Released \xe2\x80\x98The Best MacBook Pro (Forbes #NewsPicks https://t.co/MeX04EI5Fj',b'RT __Bello I would have put the MacBook on her head',b'RT __Bello I would have put the MacBook on her head',b'Because it\xe2\x80\x99s a MacBook and not just a laptop https://t.co/oFRNw8fXL8',b'RT #Win an ALL NEW #macbookair2020 #Macbook #Apple To enter #FOLLOW US &amp #RETWEET THIS #Competition T&amp;Cs entrants MUST be\xe2\x80\xa6',b'Winning this Macbook would make me so happy https://t.co/IzgeJB5XEe',b'RT nigga was in the club texting bitches how he about to fuck them crazy when he leave meanwhile I\xe2\x80\x99m at home on the MacBoo\xe2\x80\xa6',b'RT __Bello I would have put the MacBook on her head',b'RT AirBnB have absolutely smashed it Any employees they are laying off will get 14 weeks pay get to keep their laptops (every em\xe2\x80\xa6',b'RT nigga was in the club texting bitches how he about to fuck them crazy when he leave meanwhile I\xe2\x80\x99m at home on the MacBoo\xe2\x80\xa6',b'RT nigga was in the club texting bitches how he about to fuck them crazy when he leave meanwhile I\xe2\x80\x99m at home on the MacBoo\xe2\x80\xa6',"b'RT Apple\xe2\x80\x99s 16-inch MacBook Pro hits one of the best prices yet at $2,025 shipped (Reg $2,399 https://t.co/fLzopawfpk'",b'RT #Win an ALL NEW #macbookair2020 #Macbook #Apple To enter #FOLLOW US &amp #RETWEET THIS #Competition T&amp;Cs entrants MUST be\xe2\x80\xa6'
b'RT AirBnB have absolutely smashed it Any employees they are laying off will get 14 weeks pay get to keep their laptops (every em\xe2\x80\xa6',b'RT nigga was in the club texting bitches how he about to fuck them crazy when he leave meanwhile I\xe2\x80\x99m at home on the MacBoo\xe2\x80\xa6',b'Can someone pls explain how to fix this tell me why my MacBook is doing this My dissertation is due in a week https://t.co/qRdrIdI9Ym',b'Older #MacBook Pro Retina for $517! -includes warranty *great for schoolwork Netflix etc #Deal #ganga https://t.co/wJxwnlLNeE',b'RT __Bello I would have put the MacBook on her head',b'Older MacBook Pro Retina for $517! -includes warranty https://t.co/2ftD2ceZw1 *great for schoolwork Netflix https://t.co/Wx71sTLo2o',b'RT oh to be the macbook that\xe2\x80\x99s beside hongjoong when sleeping https://t.co/dRaoh8prfa',b'RT __Bello I would have put the MacBook on her head',b'RT nigga was in the club texting bitches how he about to fuck them crazy when he leave meanwhile I\xe2\x80\x99m at home on the MacBoo\xe2\x80\xa6',b'RT __Bello I would have put the MacBook on her head',b'RT he came home I was so calm I just handed him the MacBook with all the new and old messages open on the screen.',b'RT nigga was in the club texting bitches how he about to fuck them crazy when he leave meanwhile I\xe2\x80\x99m at home on the MacBoo\xe2\x80\xa6',b'RT @_BellaReigns Don\xe2\x80\x99t be a boring girlfriend Piss on his MacBook !!!',b'I learned very quickly to turn the iMessage notifications off on my MacBook https://t.co/5MermrW8VP',b'RT nigga was in the club texting bitches how he about to fuck them crazy when he leave meanwhile I\xe2\x80\x99m at home on the MacBoo\xe2\x80\xa6',b'RT __Bello I would have put the MacBook on her head',b'RT My husband would have put that MacBook on my fucking head -_-',b'RT #Win an ALL NEW #macbookair2020 #Macbook #Apple To enter #FOLLOW US &amp #RETWEET THIS #Competition T&amp;Cs entrants MUST be\xe2\x80\xa6',b'RT @_BellaReigns Don\xe2\x80\x99t be a boring girlfriend Piss on his MacBook !!!',"b'RT 16-Inches MacBook Pro 1 Terabyte i9 going for \xe2\x82\xb512,950. Please RT my customer may be on your timeline. Call WhatsApp iMe\xe2\x80\xa6'"
b'RT nigga was in the club texting bitches how he about to fuck them crazy when he leave meanwhile I\xe2\x80\x99m at home on the MacBoo\xe2\x80\xa6',b'RT __Bello I would have put the MacBook on her head',b'RT oh to be the macbook that\xe2\x80\x99s beside hongjoong when sleeping https://t.co/dRaoh8prfa',b'RT __Bello I would have put the MacBook on her head',b'Nope happy with my MacBook Pro (2019 keyboard.',b'RT __Bello I would have put the MacBook on her head',b'RT nigga was in the club texting bitches how he about to fuck them crazy when he leave meanwhile I\xe2\x80\x99m at home on the MacBoo\xe2\x80\xa6',b'RT oh to be the macbook that\xe2\x80\x99s beside hongjoong when sleeping https://t.co/dRaoh8prfa',b'RT nigga was in the club texting bitches how he about to fuck them crazy when he leave meanwhile I\xe2\x80\x99m at home on the MacBoo\xe2\x80\xa6',b'RT nigga was in the club texting bitches how he about to fuck them crazy when he leave meanwhile I\xe2\x80\x99m at home on the MacBoo\xe2\x80\xa6',b'RT @_BellaReigns Don\xe2\x80\x99t be a boring girlfriend Piss on his MacBook !!!',b'RT nigga was in the club texting bitches how he about to fuck them crazy when he leave meanwhile I\xe2\x80\x99m at home on the MacBoo\xe2\x80\xa6',b'RT nigga was in the club texting bitches how he about to fuck them crazy when he leave meanwhile I\xe2\x80\x99m at home on the MacBoo\xe2\x80\xa6',b'RT he came home I was so calm I just handed him the MacBook with all the new and old messages open on the screen.',b'RT nigga was in the club texting bitches how he about to fuck them crazy when he leave meanwhile I\xe2\x80\x99m at home on the MacBoo\xe2\x80\xa6',b'The MacBook pro 13 inch has many small upgrades and improvements.. that make it a really good product overall.. a https://t.co/7PKMnU2914',b'RT nigga was in the club texting bitches how he about to fuck them crazy when he leave meanwhile I\xe2\x80\x99m at home on the MacBoo\xe2\x80\xa6',b'RT __Bello I would have put the MacBook on her head',b'RT __Bello I would have put the MacBook on her head',b'RT nigga was in the club texting bitches how he about to fuck them crazy when he leave meanwhile I\xe2\x80\x99m at home on the MacBoo\xe2\x80\xa6'
b'RT nigga was in the club texting bitches how he about to fuck them crazy when he leave meanwhile I\xe2\x80\x99m at home on the MacBoo\xe2\x80\xa6',b'RT nigga was in the club texting bitches how he about to fuck them crazy when he leave meanwhile I\xe2\x80\x99m at home on the MacBoo\xe2\x80\xa6',b'RT My husband would have put that MacBook on my fucking head -_-',b'RT __Bello I would have put the MacBook on her head',b'RT __Bello I would have put the MacBook on her head',"b""_prosser They'll start mass production I don't think they'd release any https://t.co/lnCiisORoI""",b'RT nigga was in the club texting bitches how he about to fuck them crazy when he leave meanwhile I\xe2\x80\x99m at home on the MacBoo\xe2\x80\xa6',b'RT __Bello I would have put the MacBook on her head',b'RT nigga was in the club texting bitches how he about to fuck them crazy when he leave meanwhile I\xe2\x80\x99m at home on the MacBoo\xe2\x80\xa6',b'RT nigga was in the club texting bitches how he about to fuck them crazy when he leave meanwhile I\xe2\x80\x99m at home on the MacBoo\xe2\x80\xa6',b'RT __Bello I would have put the MacBook on her head',b'RT oh to be the macbook that\xe2\x80\x99s beside hongjoong when sleeping https://t.co/dRaoh8prfa',b'RT __Bello I would have put the MacBook on her head',b'Nope happy with my MacBook Pro (2019 keyboard.',b'RT __Bello I would have put the MacBook on her head',b'RT nigga was in the club texting bitches how he about to fuck them crazy when he leave meanwhile I\xe2\x80\x99m at home on the MacBoo\xe2\x80\xa6',b'RT oh to be the macbook that\xe2\x80\x99s beside hongjoong when sleeping https://t.co/dRaoh8prfa',b'RT nigga was in the club texting bitches how he about to fuck them crazy when he leave meanwhile I\xe2\x80\x99m at home on the MacBoo\xe2\x80\xa6',b'RT nigga was in the club texting bitches how he about to fuck them crazy when he leave meanwhile I\xe2\x80\x99m at home on the MacBoo\xe2\x80\xa6',b'RT @_BellaReigns Don\xe2\x80\x99t be a boring girlfriend Piss on his MacBook !!!'
b'RT @_BellaReigns Don\xe2\x80\x99t be a boring girlfriend Piss on his MacBook !!!',b'RT From Adele to a Macbook',b'RT nigga was in the club texting bitches how he about to fuck them crazy when he leave meanwhile I\xe2\x80\x99m at home on the MacBoo\xe2\x80\xa6',b'RT oh to be the macbook that\xe2\x80\x99s beside hongjoong when sleeping https://t.co/dRaoh8prfa',b'RT __Bello I would have put the MacBook on her head',b'RT __Bello I would have put the MacBook on her head',b'RT he came home I was so calm I just handed him the MacBook with all the new and old messages open on the screen.',b'RT nigga was in the club texting bitches how he about to fuck them crazy when he leave meanwhile I\xe2\x80\x99m at home on the MacBoo\xe2\x80\xa6',b'RT nigga was in the club texting bitches how he about to fuck them crazy when he leave meanwhile I\xe2\x80\x99m at home on the MacBoo\xe2\x80\xa6',b'RT My husband would have put that MacBook on my fucking head -_-',b'RT __Bello I would have put the MacBook on her head',b'RT __Bello I would have put the MacBook on her head',b'RT nigga was in the club texting bitches how he about to fuck them crazy when he leave meanwhile I\xe2\x80\x99m at home on the MacBoo\xe2\x80\xa6',b'RT __Bello I would have put the MacBook on her head',b'RT nigga was in the club texting bitches how he about to fuck them crazy when he leave meanwhile I\xe2\x80\x99m at home on the MacBoo\xe2\x80\xa6',b'RT nigga was in the club texting bitches how he about to fuck them crazy when he leave meanwhile I\xe2\x80\x99m at home on the MacBoo\xe2\x80\xa6',b'RT __Bello I would have put the MacBook on her head',b'RT oh to be the macbook that\xe2\x80\x99s beside hongjoong when sleeping https://t.co/dRaoh8prfa',b'RT __Bello I would have put the MacBook on her head',b'Nope happy with my MacBook Pro (2019 keyboard.'
b'RT __Bello I would have put the MacBook on her head',b'RT nigga was in the club texting bitches how he about to fuck them crazy when he leave meanwhile I\xe2\x80\x99m at home on the MacBoo\xe2\x80\xa6',b'RT nigga was in the club texting bitches how he about to fuck them crazy when he leave meanwhile I\xe2\x80\x99m at home on the MacBoo\xe2\x80\xa6',b'RT nigga was in the club texting bitches how he about to fuck them crazy when he leave meanwhile I\xe2\x80\x99m at home on the MacBoo\xe2\x80\xa6',b'RT nigga was in the club texting bitches how he about to fuck them crazy when he leave meanwhile I\xe2\x80\x99m at home on the MacBoo\xe2\x80\xa6',b'RT __Bello I would have put the MacBook on her head',b'RT __Bello I would have put the MacBook on her head',b'RT nigga was in the club texting bitches how he about to fuck them crazy when he leave meanwhile I\xe2\x80\x99m at home on the MacBoo\xe2\x80\xa6',b'RT #Win an ALL NEW #macbookair2020 #Macbook #Apple To enter #FOLLOW US &amp #RETWEET THIS #Competition T&amp;Cs entrants MUST be\xe2\x80\xa6',b'RT he came home I was so calm I just handed him the MacBook with all the new and old messages open on the screen.',b'RT __Bello I would have put the MacBook on her head',b'RT nigga was in the club texting bitches how he about to fuck them crazy when he leave meanwhile I\xe2\x80\x99m at home on the MacBoo\xe2\x80\xa6',b'RT oh to be the macbook that\xe2\x80\x99s beside hongjoong when sleeping https://t.co/dRaoh8prfa',"b""_prosser They'll start mass production I don't think they'd release any https://t.co/Wnt5BRl6Sc""",b'RT @_BellaReigns Don\xe2\x80\x99t be a boring girlfriend Piss on his MacBook !!!',b'RT From Adele to a Macbook',b'RT nigga was in the club texting bitches how he about to fuck them crazy when he leave meanwhile I\xe2\x80\x99m at home on the MacBoo\xe2\x80\xa6',b'RT oh to be the macbook that\xe2\x80\x99s beside hongjoong when sleeping https://t.co/dRaoh8prfa',b'RT __Bello I would have put the MacBook on her head',b'RT __Bello I would have put the MacBook on her head'
b'RT nigga was in the club texting bitches how he about to fuck them crazy when he leave meanwhile I\xe2\x80\x99m at home on the MacBoo\xe2\x80\xa6',b'RT __Bello I would have put the MacBook on her head',b'RT __Bello I would have put the MacBook on her head',b'RT nigga was in the club texting bitches how he about to fuck them crazy when he leave meanwhile I\xe2\x80\x99m at home on the MacBoo\xe2\x80\xa6',b'RT nigga was in the club texting bitches how he about to fuck them crazy when he leave meanwhile I\xe2\x80\x99m at home on the MacBoo\xe2\x80\xa6',b'RT nigga was in the club texting bitches how he about to fuck them crazy when he leave meanwhile I\xe2\x80\x99m at home on the MacBoo\xe2\x80\xa6',b'RT nigga was in the club texting bitches how he about to fuck them crazy when he leave meanwhile I\xe2\x80\x99m at home on the MacBoo\xe2\x80\xa6',b'RT __Bello I would have put the MacBook on her head',b'RT __Bello I would have put the MacBook on her head',b'RT nigga was in the club texting bitches how he about to fuck them crazy when he leave meanwhile I\xe2\x80\x99m at home on the MacBoo\xe2\x80\xa6',b'RT #Win an ALL NEW #macbookair2020 #Macbook #Apple To enter #FOLLOW US &amp #RETWEET THIS #Competition T&amp;Cs entrants MUST be\xe2\x80\xa6',b'RT he came home I was so calm I just handed him the MacBook with all the new and old messages open on the screen.',b'RT __Bello I would have put the MacBook on her head',b'RT nigga was in the club texting bitches how he about to fuck them crazy when he leave meanwhile I\xe2\x80\x99m at home on the MacBoo\xe2\x80\xa6',b'RT oh to be the macbook that\xe2\x80\x99s beside hongjoong when sleeping https://t.co/dRaoh8prfa',"b""_prosser They'll start mass production I don't think they'd release any https://t.co/Wnt5BRl6Sc""",b'RT @_BellaReigns Don\xe2\x80\x99t be a boring girlfriend Piss on his MacBook !!!',b'RT From Adele to a Macbook',b'RT nigga was in the club texting bitches how he about to fuck them crazy when he leave meanwhile I\xe2\x80\x99m at home on the MacBoo\xe2\x80\xa6',b'RT oh to be the macbook that\xe2\x80\x99s beside hongjoong when sleeping https://t.co/dRaoh8prfa'
b'RT oh to be the macbook that\xe2\x80\x99s beside hongjoong when sleeping https://t.co/dRaoh8prfa',b'RT __Bello I would have put the MacBook on her head',b'RT __Bello I would have put the MacBook on her head',b'RT nigga was in the club texting bitches how he about to fuck them crazy when he leave meanwhile I\xe2\x80\x99m at home on the MacBoo\xe2\x80\xa6',b'RT #Win an ALL NEW #macbookair2020 #Macbook #Apple To enter #FOLLOW US &amp #RETWEET THIS #Competition T&amp;Cs entrants MUST be\xe2\x80\xa6',b'RT nigga was in the club texting bitches how he about to fuck them crazy when he leave meanwhile I\xe2\x80\x99m at home on the MacBoo\xe2\x80\xa6',b'RT __Bello I would have put the MacBook on her head',b'RT __Bello I would have put the MacBook on her head',b'RT nigga was in the club texting bitches how he about to fuck them crazy when he leave meanwhile I\xe2\x80\x99m at home on the MacBoo\xe2\x80\xa6',b'RT nigga was in the club texting bitches how he about to fuck them crazy when he leave meanwhile I\xe2\x80\x99m at home on the MacBoo\xe2\x80\xa6',b'RT nigga was in the club texting bitches how he about to fuck them crazy when he leave meanwhile I\xe2\x80\x99m at home on the MacBoo\xe2\x80\xa6',b'RT nigga was in the club texting bitches how he about to fuck them crazy when he leave meanwhile I\xe2\x80\x99m at home on the MacBoo\xe2\x80\xa6',b'RT __Bello I would have put the MacBook on her head',b'RT __Bello I would have put the MacBook on her head',b'RT nigga was in the club texting bitches how he about to fuck them crazy when he leave meanwhile I\xe2\x80\x99m at home on the MacBoo\xe2\x80\xa6',b'RT #Win an ALL NEW #macbookair2020 #Macbook #Apple To enter #FOLLOW US &amp #RETWEET THIS #Competition T&amp;Cs entrants MUST be\xe2\x80\xa6',b'RT he came home I was so calm I just handed him the MacBook with all the new and old messages open on the screen.',b'RT __Bello I would have put the MacBook on her head',b'RT nigga was in the club texting bitches how he about to fuck them crazy when he leave meanwhile I\xe2\x80\x99m at home on the MacBoo\xe2\x80\xa6',b'RT oh to be the macbook that\xe2\x80\x99s beside hongjoong when sleeping https://t.co/dRaoh8prfa'
b'RT nigga was in the club texting bitches how he about to fuck them crazy when he leave meanwhile I\xe2\x80\x99m at home on the MacBoo\xe2\x80\xa6',b'RT nigga was in the club texting bitches how he about to fuck them crazy when he leave meanwhile I\xe2\x80\x99m at home on the MacBoo\xe2\x80\xa6',b'RT #Win an ALL NEW #macbookair2020 #Macbook #Apple To enter #FOLLOW US &amp #RETWEET THIS #Competition T&amp;Cs entrants MUST be\xe2\x80\xa6',b'RT __Bello I would have put the MacBook on her head',b'RT __Bello I would have put the MacBook on her head',b'RT oh to be the macbook that\xe2\x80\x99s beside hongjoong when sleeping https://t.co/dRaoh8prfa',b'RT __Bello I would have put the MacBook on her head',b'RT __Bello I would have put the MacBook on her head',b'RT nigga was in the club texting bitches how he about to fuck them crazy when he leave meanwhile I\xe2\x80\x99m at home on the MacBoo\xe2\x80\xa6',b'RT #Win an ALL NEW #macbookair2020 #Macbook #Apple To enter #FOLLOW US &amp #RETWEET THIS #Competition T&amp;Cs entrants MUST be\xe2\x80\xa6',b'RT nigga was in the club texting bitches how he about to fuck them crazy when he leave meanwhile I\xe2\x80\x99m at home on the MacBoo\xe2\x80\xa6',b'RT __Bello I would have put the MacBook on her head',b'RT __Bello I would have put the MacBook on her head',b'RT nigga was in the club texting bitches how he about to fuck them crazy when he leave meanwhile I\xe2\x80\x99m at home on the MacBoo\xe2\x80\xa6',b'RT nigga was in the club texting bitches how he about to fuck them crazy when he leave meanwhile I\xe2\x80\x99m at home on the MacBoo\xe2\x80\xa6',b'RT nigga was in the club texting bitches how he about to fuck them crazy when he leave meanwhile I\xe2\x80\x99m at home on the MacBoo\xe2\x80\xa6',b'RT nigga was in the club texting bitches how he about to fuck them crazy when he leave meanwhile I\xe2\x80\x99m at home on the MacBoo\xe2\x80\xa6',b'RT __Bello I would have put the MacBook on her head',b'RT __Bello I would have put the MacBook on her head',b'RT nigga was in the club texting bitches how he about to fuck them crazy when he leave meanwhile I\xe2\x80\x99m at home on the MacBoo\xe2\x80\xa6'
b'RT #Win an ALL NEW #macbookair2020 #Macbook #Apple To enter #FOLLOW US &amp #RETWEET THIS #Competition T&amp;Cs entrants MUST be\xe2\x80\xa6',b'RT nigga was in the club texting bitches how he about to fuck them crazy when he leave meanwhile I\xe2\x80\x99m at home on the MacBoo\xe2\x80\xa6',b'RT nigga was in the club texting bitches how he about to fuck them crazy when he leave meanwhile I\xe2\x80\x99m at home on the MacBoo\xe2\x80\xa6',b'Crowd Sourcing: Is there an open Mac Store near Mandaluyong Macbook\xe2\x80\x99s adapter isn\xe2\x80\x99t working \xe2\x98\xb9\xef\xb8\x8f',b'RT __Bello I would have put the MacBook on her head',b'RT nigga was in the club texting bitches how he about to fuck them crazy when he leave meanwhile I\xe2\x80\x99m at home on the MacBoo\xe2\x80\xa6',"b""Yeah man typo It's not easy to write properly in this Macbook Pro 2018 :) Keyboard definitely sucks!""",b'RT nigga was in the club texting bitches how he about to fuck them crazy when he leave meanwhile I\xe2\x80\x99m at home on the MacBoo\xe2\x80\xa6',b'RT __Bello I would have put the MacBook on her head',b'RT nigga was in the club texting bitches how he about to fuck them crazy when he leave meanwhile I\xe2\x80\x99m at home on the MacBoo\xe2\x80\xa6',b'RT __Bello I would have put the MacBook on her head',"b'A Stabilisation Gimbal, Sony Mirrorless cam, Macbook Pro.'",b'RT __Bello I would have put the MacBook on her head',b'RT nigga was in the club texting bitches how he about to fuck them crazy when he leave meanwhile I\xe2\x80\x99m at home on the MacBoo\xe2\x80\xa6',b'RT Must not have a MacBook cuz you would know this question was DUMB',b'RT nigga was in the club texting bitches how he about to fuck them crazy when he leave meanwhile I\xe2\x80\x99m at home on the MacBoo\xe2\x80\xa6',b'RT nigga was in the club texting bitches how he about to fuck them crazy when he leave meanwhile I\xe2\x80\x99m at home on the MacBoo\xe2\x80\xa6',b'RT nigga was in the club texting bitches how he about to fuck them crazy when he leave meanwhile I\xe2\x80\x99m at home on the MacBoo\xe2\x80\xa6',b'RT #Win an ALL NEW #macbookair2020 #Macbook #Apple To enter #FOLLOW US &amp #RETWEET THIS #Competition T&amp;Cs entrants MUST be\xe2\x80\xa6',b'RT __Bello I would have put the MacBook on her head'
b'RT nigga was in the club texting bitches how he about to fuck them crazy when he leave meanwhile I\xe2\x80\x99m at home on the MacBoo\xe2\x80\xa6',b'RT __Bello I would have put the MacBook on her head',b'RT nigga was in the club texting bitches how he about to fuck them crazy when he leave meanwhile I\xe2\x80\x99m at home on the MacBoo\xe2\x80\xa6',b'RT nigga was in the club texting bitches how he about to fuck them crazy when he leave meanwhile I\xe2\x80\x99m at home on the MacBoo\xe2\x80\xa6',b'RT __Bello I would have put the MacBook on her head',b'RT nigga was in the club texting bitches how he about to fuck them crazy when he leave meanwhile I\xe2\x80\x99m at home on the MacBoo\xe2\x80\xa6',b'RT __Bello I would have put the MacBook on her head',b'RT nigga was in the club texting bitches how he about to fuck them crazy when he leave meanwhile I\xe2\x80\x99m at home on the MacBoo\xe2\x80\xa6',b'RT nigga was in the club texting bitches how he about to fuck them crazy when he leave meanwhile I\xe2\x80\x99m at home on the MacBoo\xe2\x80\xa6',b'RT @_BellaReigns Don\xe2\x80\x99t be a boring girlfriend Piss on his MacBook !!!',b'RT nigga was in the club texting bitches how he about to fuck them crazy when he leave meanwhile I\xe2\x80\x99m at home on the MacBoo\xe2\x80\xa6',"b'RT _ A Stabilisation Gimbal, Sony Mirrorless cam, Macbook Pro.'",b'RT nigga was in the club texting bitches how he about to fuck them crazy when he leave meanwhile I\xe2\x80\x99m at home on the MacBoo\xe2\x80\xa6',b'RT __Bello I would have put the MacBook on her head',b'RT #Win an ALL NEW #macbookair2020 #Macbook #Apple To enter #FOLLOW US &amp #RETWEET THIS #Competition T&amp;Cs entrants MUST be\xe2\x80\xa6',b'RT nigga was in the club texting bitches how he about to fuck them crazy when he leave meanwhile I\xe2\x80\x99m at home on the MacBoo\xe2\x80\xa6',b'RT nigga was in the club texting bitches how he about to fuck them crazy when he leave meanwhile I\xe2\x80\x99m at home on the MacBoo\xe2\x80\xa6',b'Crowd Sourcing: Is there an open Mac Store near Mandaluyong Macbook\xe2\x80\x99s adapter isn\xe2\x80\x99t working \xe2\x98\xb9\xef\xb8\x8f',b'RT __Bello I would have put the MacBook on her head',b'RT nigga was in the club texting bitches how he about to fuck them crazy when he leave meanwhile I\xe2\x80\x99m at home on the MacBoo\xe2\x80\xa6'
b'RT nigga was in the club texting bitches how he about to fuck them crazy when he leave meanwhile I\xe2\x80\x99m at home on the MacBoo\xe2\x80\xa6',b'I\xe2\x80\x99m so bored as I #StayAtHome that I\xe2\x80\x99m watching videos about MacBook Smart Albums I feel https://t.co/zFytdS9HUg',b'RT nigga was in the club texting bitches how he about to fuck them crazy when he leave meanwhile I\xe2\x80\x99m at home on the MacBoo\xe2\x80\xa6',b'RT he came home I was so calm I just handed him the MacBook with all the new and old messages open on the screen.',b'RT nigga was in the club texting bitches how he about to fuck them crazy when he leave meanwhile I\xe2\x80\x99m at home on the MacBoo\xe2\x80\xa6',b'Review Apple Macbook Pro (2019 Laptop Price and Specs (Video https://t.co/7YqZ5LAymR',b'RT he came home I was so calm I just handed him the MacBook with all the new and old messages open on the screen.',b'RT nigga was in the club texting bitches how he about to fuck them crazy when he leave meanwhile I\xe2\x80\x99m at home on the MacBoo\xe2\x80\xa6',b'RT nigga was in the club texting bitches how he about to fuck them crazy when he leave meanwhile I\xe2\x80\x99m at home on the MacBoo\xe2\x80\xa6',b'RT nigga was in the club texting bitches how he about to fuck them crazy when he leave meanwhile I\xe2\x80\x99m at home on the MacBoo\xe2\x80\xa6',b'RT nigga was in the club texting bitches how he about to fuck them crazy when he leave meanwhile I\xe2\x80\x99m at home on the MacBoo\xe2\x80\xa6',"b'RT Apple\xe2\x80\x99s 16-inch MacBook Pro hits one of the best prices yet at $2,025 shipped (Reg $2,399 https://t.co/fLzopawfpk'",b'RT nigga was in the club texting bitches how he about to fuck them crazy when he leave meanwhile I\xe2\x80\x99m at home on the MacBoo\xe2\x80\xa6',b'RT nigga was in the club texting bitches how he about to fuck them crazy when he leave meanwhile I\xe2\x80\x99m at home on the MacBoo\xe2\x80\xa6',b'RT nigga was in the club texting bitches how he about to fuck them crazy when he leave meanwhile I\xe2\x80\x99m at home on the MacBoo\xe2\x80\xa6',b'RT __Bello I would have put the MacBook on her head',b'RT __Bello I would have put the MacBook on her head',b'RT __Bello I would have put the MacBook on her head',"b'RT _ A Stabilisation Gimbal, Sony Mirrorless cam, Macbook Pro.'",b'RT __Bello I would have put the MacBook on her head'
b'RT #Win an ALL NEW #macbookair2020 #Macbook #Apple To enter #FOLLOW US &amp #RETWEET THIS #Competition T&amp;Cs entrants MUST be\xe2\x80\xa6',"b""RT _syther Today's IMPORTANT question.. Do I buy a gaming laptop I currently have a MacBook air that's 5 years old slim light..\xe2\x80\xa6""",b'Awesome would love this! Brill for the whole Family #Macbook',b'RT nigga was in the club texting bitches how he about to fuck them crazy when he leave meanwhile I\xe2\x80\x99m at home on the MacBoo\xe2\x80\xa6',b'RT __Bello I would have put the MacBook on her head',b'RT on his MacBook iMessages niggas was having a field day https://t.co/8HzH1jESeZ',b'RT nigga was in the club texting bitches how he about to fuck them crazy when he leave meanwhile I\xe2\x80\x99m at home on the MacBoo\xe2\x80\xa6',b'Dark Reader makes my macbook overheat \xf0\x9f\x98\x85',b'RT __Bello I would have put the MacBook on her head',b'RT nigga was in the club texting bitches how he about to fuck them crazy when he leave meanwhile I\xe2\x80\x99m at home on the MacBoo\xe2\x80\xa6',b'RT nigga was in the club texting bitches how he about to fuck them crazy when he leave meanwhile I\xe2\x80\x99m at home on the MacBoo\xe2\x80\xa6',b'RT __Bello I would have put the MacBook on her head',b'Apple MacBook 500 right now',b'Hey I just got my macbook pro Ordered online and took about 20 days before it arrive It may take a https://t.co/FRWKRCXcer',b'RT __Bello I would have put the MacBook on her head',b'RT __Bello I would have put the MacBook on her head',b'Should You Buy the 13-Inch MacBook Pro (2020) https://t.co/bLOkB62FFp',b'RT nigga was in the club texting bitches how he about to fuck them crazy when he leave meanwhile I\xe2\x80\x99m at home on the MacBoo\xe2\x80\xa6',b'RT nigga was in the club texting bitches how he about to fuck them crazy when he leave meanwhile I\xe2\x80\x99m at home on the MacBoo\xe2\x80\xa6',b'I\xe2\x80\x99m so bored as I #StayAtHome that I\xe2\x80\x99m watching videos about MacBook Smart Albums I feel https://t.co/zFytdS9HUg'
b'RT __Bello I would have put the MacBook on her head',b'I do hobby coding in a 11 MacBook Air',b'RT he came home I was so calm I just handed him the MacBook with all the new and old messages open on the screen.',b'RT nigga was in the club texting bitches how he about to fuck them crazy when he leave meanwhile I\xe2\x80\x99m at home on the MacBoo\xe2\x80\xa6',b'RT __Bello I would have put the MacBook on her head',b'RT nigga was in the club texting bitches how he about to fuck them crazy when he leave meanwhile I\xe2\x80\x99m at home on the MacBoo\xe2\x80\xa6',b'RT nigga was in the club texting bitches how he about to fuck them crazy when he leave meanwhile I\xe2\x80\x99m at home on the MacBoo\xe2\x80\xa6',b'RT __Bello I would have put the MacBook on her head',b'RT nigga was in the club texting bitches how he about to fuck them crazy when he leave meanwhile I\xe2\x80\x99m at home on the MacBoo\xe2\x80\xa6',b'RT nigga was in the club texting bitches how he about to fuck them crazy when he leave meanwhile I\xe2\x80\x99m at home on the MacBoo\xe2\x80\xa6',b'RT nigga was in the club texting bitches how he about to fuck them crazy when he leave meanwhile I\xe2\x80\x99m at home on the MacBoo\xe2\x80\xa6',b'RT nigga was in the club texting bitches how he about to fuck them crazy when he leave meanwhile I\xe2\x80\x99m at home on the MacBoo\xe2\x80\xa6',"b""i've heard from some people that after awhile it stops working the macbook air do got touch id tho""",b'RT #Win an ALL NEW #macbookair2020 #Macbook #Apple To enter #FOLLOW US &amp #RETWEET THIS #Competition T&amp;Cs entrants MUST be\xe2\x80\xa6',"b""RT _syther Today's IMPORTANT question.. Do I buy a gaming laptop I currently have a MacBook air that's 5 years old slim light..\xe2\x80\xa6""",b'Awesome would love this! Brill for the whole Family #Macbook',b'RT nigga was in the club texting bitches how he about to fuck them crazy when he leave meanwhile I\xe2\x80\x99m at home on the MacBoo\xe2\x80\xa6',b'RT __Bello I would have put the MacBook on her head',b'RT on his MacBook iMessages niggas was having a field day https://t.co/8HzH1jESeZ',b'RT nigga was in the club texting bitches how he about to fuck them crazy when he leave meanwhile I\xe2\x80\x99m at home on the MacBoo\xe2\x80\xa6'
b'RT nigga was in the club texting bitches how he about to fuck them crazy when he leave meanwhile I\xe2\x80\x99m at home on the MacBoo\xe2\x80\xa6',b'RT _Beckford Macbook would have went right on top of her skillet I\xe2\x80\x99m in the middle of fixing Daishawn FAFSA and here you come bein\xe2\x80\xa6',b'Cocopa External CD DVD Drive USB 3.0 Portable CD DVD +/-RW Drive Slim DVD/CD ROM Rewriter Burner Writer High Speed https://t.co/XjoGgnedFz',b'RT nigga was in the club texting bitches how he about to fuck them crazy when he leave meanwhile I\xe2\x80\x99m at home on the MacBoo\xe2\x80\xa6',b'RT __Bello I would have put the MacBook on her head',b'RT he came home I was so calm I just handed him the MacBook with all the new and old messages open on the screen.',b'RT nigga was in the club texting bitches how he about to fuck them crazy when he leave meanwhile I\xe2\x80\x99m at home on the MacBoo\xe2\x80\xa6',b'RT AirBnB have absolutely smashed it Any employees they are laying off will get 14 weeks pay get to keep their laptops (every em\xe2\x80\xa6',b'RT nigga was in the club texting bitches how he about to fuck them crazy when he leave meanwhile I\xe2\x80\x99m at home on the MacBoo\xe2\x80\xa6',b'RT __Bello I would have put the MacBook on her head',b'RT __Bello I would have put the MacBook on her head',b'RT nigga was in the club texting bitches how he about to fuck them crazy when he leave meanwhile I\xe2\x80\x99m at home on the MacBoo\xe2\x80\xa6',b'RT nigga was in the club texting bitches how he about to fuck them crazy when he leave meanwhile I\xe2\x80\x99m at home on the MacBoo\xe2\x80\xa6',b'RT __Bello I would have put the MacBook on her head',b'RT nigga was in the club texting bitches how he about to fuck them crazy when he leave meanwhile I\xe2\x80\x99m at home on the MacBoo\xe2\x80\xa6',b'RT __Bello I would have put the MacBook on her head',b'RT __Bello I would have put the MacBook on her head',b'RT nigga was in the club texting bitches how he about to fuck them crazy when he leave meanwhile I\xe2\x80\x99m at home on the MacBoo\xe2\x80\xa6',b'RT nigga was in the club texting bitches how he about to fuck them crazy when he leave meanwhile I\xe2\x80\x99m at home on the MacBoo\xe2\x80\xa6',b'RT __Bello I would have put the MacBook on her head'
b'RT nigga was in the club texting bitches how he about to fuck them crazy when he leave meanwhile I\xe2\x80\x99m at home on the MacBoo\xe2\x80\xa6',b'RT he came home I was so calm I just handed him the MacBook with all the new and old messages open on the screen.',b'RT __Bello I would have put the MacBook on her head',b'RT nigga was in the club texting bitches how he about to fuck them crazy when he leave meanwhile I\xe2\x80\x99m at home on the MacBoo\xe2\x80\xa6',b'RT __Bello I would have put the MacBook on her head',b'.. when buying a MacBook.',b'RT __Bello I would have put the MacBook on her head',b'RT nigga was in the club texting bitches how he about to fuck them crazy when he leave meanwhile I\xe2\x80\x99m at home on the MacBoo\xe2\x80\xa6',b'RT nigga was in the club texting bitches how he about to fuck them crazy when he leave meanwhile I\xe2\x80\x99m at home on the MacBoo\xe2\x80\xa6',b'RT nigga was in the club texting bitches how he about to fuck them crazy when he leave meanwhile I\xe2\x80\x99m at home on the MacBoo\xe2\x80\xa6',b'RT __Bello I would have put the MacBook on her head',b'RT nigga was in the club texting bitches how he about to fuck them crazy when he leave meanwhile I\xe2\x80\x99m at home on the MacBoo\xe2\x80\xa6',b'RT AirBnB have absolutely smashed it Any employees they are laying off will get 14 weeks pay get to keep their laptops (every em\xe2\x80\xa6',b'RT nigga was in the club texting bitches how he about to fuck them crazy when he leave meanwhile I\xe2\x80\x99m at home on the MacBoo\xe2\x80\xa6',b'RT nigga was in the club texting bitches how he about to fuck them crazy when he leave meanwhile I\xe2\x80\x99m at home on the MacBoo\xe2\x80\xa6',b'RT __Bello I would have put the MacBook on her head',"b""Nice That's the 12.9 version I presume? I'm pondering getting either that or the 11 (+iPad+Pencil\xf0\x9f\x98\x85) https://t.co/GA4hFLJmXb""",b'RT Macbook reviews be like \xe2\x80\x9cso when you open your MacBook the first thing you\xe2\x80\x99re gonna see is this new Keenen Ivory Wayans\xe2\x80\xa6',b'RT __Bello I would have put the MacBook on her head',b'RT nigga was in the club texting bitches how he about to fuck them crazy when he leave meanwhile I\xe2\x80\x99m at home on the MacBoo\xe2\x80\xa6'
b'Uh oh is your Macbook failing',b'RT nigga was in the club texting bitches how he about to fuck them crazy when he leave meanwhile I\xe2\x80\x99m at home on the MacBoo\xe2\x80\xa6',b'RT nigga was in the club texting bitches how he about to fuck them crazy when he leave meanwhile I\xe2\x80\x99m at home on the MacBoo\xe2\x80\xa6',"b""\xc2\xa32k for a decent MacBook a pop but Apple music can't even fucking download music locally or work on a desktop like https://t.co/qJ2jrZSUcL""",b'I remember seeing this on mine the picture it is not clear enough from the front of it https://t.co/bDe3ByzaLR',b'RT nigga was in the club texting bitches how he about to fuck them crazy when he leave meanwhile I\xe2\x80\x99m at home on the MacBoo\xe2\x80\xa6',b'RT __Bello I would have put the MacBook on her head',b'RT __Bello I would have put the MacBook on her head',"b""He's a Macbook repairman that livestreams his repairs He is also known for hating Apple with a passion https://t.co/KD9h28OI2h""",b'i\xe2\x80\x99m seeing all these testimonies about macbooks lasting up to 10yrs but pls eskiss me how come macbook\xe2\x80\x99s last so https://t.co/YNAUmFfR1Z',b'RT nigga was in the club texting bitches how he about to fuck them crazy when he leave meanwhile I\xe2\x80\x99m at home on the MacBoo\xe2\x80\xa6',b'RT __Bello I would have put the MacBook on her head',b'RT nigga was in the club texting bitches how he about to fuck them crazy when he leave meanwhile I\xe2\x80\x99m at home on the MacBoo\xe2\x80\xa6',b'RT he came home I was so calm I just handed him the MacBook with all the new and old messages open on the screen.',b'RT nigga was in the club texting bitches how he about to fuck them crazy when he leave meanwhile I\xe2\x80\x99m at home on the MacBoo\xe2\x80\xa6',b'RT __Bello I would have put the MacBook on her head',b'RT __Bello I would have put the MacBook on her head',b'RT __Bello I would have put the MacBook on her head https://t.co/IMAPy4SRao',b'RT __Bello I would have put the MacBook on her head',b'RT nigga was in the club texting bitches how he about to fuck them crazy when he leave meanwhile I\xe2\x80\x99m at home on the MacBoo\xe2\x80\xa6'
b'RT Adam Schiff should release the transcripts himself Then apologize to President Trump his family and the American peo\xe2\x80\xa6',b'RT I\xe2\x80\x99m shocked to hear about the #VizagGasLeak I urge our Congress workers &amp leaders in the area to provide all necessary\xe2\x80\xa6',b'RT _ Negotiations on for a big Congress name to switch sides soon Govt expected to upgrade its legal armour in a big way In\xe2\x80\xa6',b'RT Louis DeJoy Trump supporter and top fundraiser for the GOP Convention will be the new postmaster general For vote by ma\xe2\x80\xa6',b'RT If you even take the Name of Sonia Gandhi you are grilled for 12 hours If you expose the Jihad model of extremists then t\xe2\x80\xa6',b'RT My name is Joe Collins I am Republican I am a Navy veteran I am pro-second Amendment I am America First.\xe2\x80\xa6',b'RT I\xe2\x80\x99m shocked to hear about the #VizagGasLeak I urge our Congress workers &amp leaders in the area to provide all necessary\xe2\x80\xa6',b'RT Imagine how much better the situation in India would be today if the Congress was in power &amp its manifesto promising Univer\xe2\x80\xa6',b'RT _F_Kennnedy There is a reason why Congress did not return to work this week [DC][non_COVID related]. Think [BOOM drops this week\xe2\x80\xa6',b'RT New Q There is a reason why Congress did not return to work this week [DC][non_COVID related]. Think [BOOM drops this week\xe2\x80\xa6',"b""RT Have you filled out YOUR census yet https://t.co/nsrMIL6oaw Everyone's response is vital to ensuring an accurate &amp comple\xe2\x80\xa6""",b'RT Make one more separate islamic country like Bangladesh for the 25 Cr Muslims divide their share of India and make the rest a Hi\xe2\x80\xa6',b'RT _india The Minister ( said that the #lockdown has been a success while rejecting the objections raised by #Congress l\xe2\x80\xa6',b'RT Louis DeJoy Trump supporter and top fundraiser for the GOP Convention will be the new postmaster general For vote by ma\xe2\x80\xa6',b'RT Karnataka Govt has now allowed migrant trains U-turn due to pressure from Congress Media &amp civil society. MP _Su\xe2\x80\xa6',b'RT I\xe2\x80\x99m shocked to hear about the #VizagGasLeak I urge our Congress workers &amp leaders in the area to provide all necessary\xe2\x80\xa6',b'RT Adam Schiff should release the transcripts himself Then apologize to President Trump his family and the American peo\xe2\x80\xa6',b'RT If you even take the Name of Sonia Gandhi you are grilled for 12 hours If you expose the Jihad model of extremists then t\xe2\x80\xa6',b'RT I\xe2\x80\x99m shocked to hear about the #VizagGasLeak I urge our Congress workers &amp leaders in the area to provide all necessary\xe2\x80\xa6',b'RT If you even take the Name of Sonia Gandhi you are grilled for 12 hours If you expose the Jihad model of extremists then t\xe2\x80\xa6'
b'RT My name is Joe Collins I am Republican I am a Navy veteran I am pro-second Amendment I am America First.\xe2\x80\xa6',b'Former CDC Director testify to congress. https://t.co/0GvpsVwCHB',b'RT _com Congress uses 2018 FIR in suicide case dismissed by court to target Arnab Goswami All you need to know https://t.co/Mp\xe2\x80\xa6',b'_mk4 _Sasquatch Puerto Rico is still waiting That aid money was d https://t.co/xltu6UdbFO',b'RT #UttarPradesh Congress launches UP \xe0\xa4\xae\xe0\xa4\xbf\xe0\xa4\xa4\xe0\xa5\x8d helpline and sets up a control room in Lucknow to help people in distres\xe2\x80\xa6',b'RT If you even take the Name of Sonia Gandhi you are grilled for 12 hours If you expose the Jihad model of extremists then t\xe2\x80\xa6',b'Karnataka Govt has now allowed migrant trains U-turn due to pressure from Congress Media &amp civil society. MP https://t.co/WemrRVHZmI',b'RT I\xe2\x80\x99m shocked to hear about the #VizagGasLeak I urge our Congress workers &amp leaders in the area to provide all necessary\xe2\x80\xa6',b'RT My name is Joe Collins I am Republican I am a Navy veteran I am pro-second Amendment I am America First.\xe2\x80\xa6',b'RT Karnataka Govt has now allowed migrant trains U-turn due to pressure from Congress Media &amp civil society. MP _Su\xe2\x80\xa6',b'RT If you even take the Name of Sonia Gandhi you are grilled for 12 hours If you expose the Jihad model of extremists then t\xe2\x80\xa6',b'RT Louis DeJoy Trump supporter and top fundraiser for the GOP Convention will be the new postmaster general For vote by ma\xe2\x80\xa6',b'RT The reason behind \xe2\x80\x98s tweet appreciating the Pulitzer Winner Photo Journalist who eulogised terrorism in Kash\xe2\x80\xa6',b'RT I hope Dems heard James Carville tonight Dems have to kick ass like Never Trumpers Mourning in America Get Bloomberg\xe2\x80\xa6',b'RT If you even take the Name of Sonia Gandhi you are grilled for 12 hours If you expose the Jihad model of extremists then t\xe2\x80\xa6',b'RT Adam Schiff repeatedly told Congress and the American people that he had \xe2\x80\x9cdirect evidence of Russian collusion. Accord\xe2\x80\xa6',b'_sgh Hosh thikane aa gaye. Lagta hai Congress said we will start bus service https://t.co/2N5W8tN1gi',b'RT My name is Joe Collins I am Republican I am a Navy veteran I am pro-second Amendment I am America First.\xe2\x80\xa6',b'RT Karnataka Govt has now allowed migrant trains U-turn due to pressure from Congress Media &amp civil society. MP _Su\xe2\x80\xa6',b'RT If you even take the Name of Sonia Gandhi you are grilled for 12 hours If you expose the Jihad model of extremists then t\xe2\x80\xa6'
b'RT My name is Joe Collins I am Republican I am a Navy veteran I am pro-second Amendment I am America First.\xe2\x80\xa6',b'Former CDC Director testify to congress. https://t.co/0GvpsVwCHB',b'RT _com Congress uses 2018 FIR in suicide case dismissed by court to target Arnab Goswami All you need to know https://t.co/Mp\xe2\x80\xa6',b'_mk4 _Sasquatch Puerto Rico is still waiting That aid money was d https://t.co/xltu6UdbFO',b'RT #UttarPradesh Congress launches UP \xe0\xa4\xae\xe0\xa4\xbf\xe0\xa4\xa4\xe0\xa5\x8d helpline and sets up a control room in Lucknow to help people in distres\xe2\x80\xa6',b'RT If you even take the Name of Sonia Gandhi you are grilled for 12 hours If you expose the Jihad model of extremists then t\xe2\x80\xa6',b'Karnataka Govt has now allowed migrant trains U-turn due to pressure from Congress Media &amp civil society. MP https://t.co/WemrRVHZmI',b'RT I\xe2\x80\x99m shocked to hear about the #VizagGasLeak I urge our Congress workers &amp leaders in the area to provide all necessary\xe2\x80\xa6',b'RT My name is Joe Collins I am Republican I am a Navy veteran I am pro-second Amendment I am America First.\xe2\x80\xa6',b'RT Karnataka Govt has now allowed migrant trains U-turn due to pressure from Congress Media &amp civil society. MP _Su\xe2\x80\xa6',b'RT If you even take the Name of Sonia Gandhi you are grilled for 12 hours If you expose the Jihad model of extremists then t\xe2\x80\xa6',b'RT Louis DeJoy Trump supporter and top fundraiser for the GOP Convention will be the new postmaster general For vote by ma\xe2\x80\xa6',b'RT The reason behind \xe2\x80\x98s tweet appreciating the Pulitzer Winner Photo Journalist who eulogised terrorism in Kash\xe2\x80\xa6',b'RT I hope Dems heard James Carville tonight Dems have to kick ass like Never Trumpers Mourning in America Get Bloomberg\xe2\x80\xa6',b'RT If you even take the Name of Sonia Gandhi you are grilled for 12 hours If you expose the Jihad model of extremists then t\xe2\x80\xa6',b'RT Adam Schiff repeatedly told Congress and the American people that he had \xe2\x80\x9cdirect evidence of Russian collusion. Accord\xe2\x80\xa6',b'_sgh Hosh thikane aa gaye. Lagta hai Congress said we will start bus service https://t.co/2N5W8tN1gi',b'RT My name is Joe Collins I am Republican I am a Navy veteran I am pro-second Amendment I am America First.\xe2\x80\xa6',b'RT Karnataka Govt has now allowed migrant trains U-turn due to pressure from Congress Media &amp civil society. MP _Su\xe2\x80\xa6',b'RT If you even take the Name of Sonia Gandhi you are grilled for 12 hours If you expose the Jihad model of extremists then t\xe2\x80\xa6'
b'RT Karnataka Govt has now allowed migrant trains U-turn due to pressure from Congress Media &amp civil society. MP _Su\xe2\x80\xa6',b'RT If you even take the Name of Sonia Gandhi you are grilled for 12 hours If you expose the Jihad model of extremists then t\xe2\x80\xa6',b'RT . has launched a helpline number to help those in distress Through the helpline UP Congress will help migra\xe2\x80\xa6',b'RT Imagine how much better the situation in India would be today if the Congress was in power &amp its manifesto promising Univer\xe2\x80\xa6',b'RT Louis DeJoy Trump supporter and top fundraiser for the GOP Convention will be the new postmaster general For vote by ma\xe2\x80\xa6',b'RT I\xe2\x80\x99m shocked to hear about the #VizagGasLeak I urge our Congress workers &amp leaders in the area to provide all necessary\xe2\x80\xa6',b'RT Imagine how much better the situation in India would be today if the Congress was in power &amp its manifesto promising Univer\xe2\x80\xa6',b'RT There is a reason why Congress did not return to work this week [DC][non_COVID related]. Think [BOOM drops this week and next\xe2\x80\xa6',b'RT Each day that Nancy Pelosi keeps Congress closed she consolidates power for herself and gives China a free pass https://t.\xe2\x80\xa6',b'RT U.S Congress candidate for Alabama donates kidney urges others to donate amid pandemic https://t.co/WSh0POGWZY',"b""_pasha May be someone to replace AJ's place? So I guess he might get a seat in https://t.co/ZtLHFwb1bD""","b'RT ""Namaste Trump Event Spread Coronavirus In Gujarat State Congress NDTV https://t.co/hqpC9eb5bo'",b'Is it always necessary to add Soniaji in every congress conversation. Dr Sahaab wants to k https://t.co/WW8JjWIET8',b'RT Our humble tributes to Prof B.P Maurya ji on his 94th Birth Anniversary He always followed the path of Babasaheb Ambedka\xe2\x80\xa6',"b""RT Without great #MAGA patriots in Congress the Trump agenda can never be fully realized. When you vote don't just go wi\xe2\x80\xa6""",b'RT Imagine how much better the situation in India would be today if the Congress was in power &amp its manifesto promising Univer\xe2\x80\xa6',b'Jai Congress',b'RT . has launched a helpline number to help those in distress Through the helpline UP Congress will help migra\xe2\x80\xa6',b'RT _B As A Grocery Store Worker I\xe2\x80\x99m On The Frontline Of Coronavirus. \xe2\x80\x9cSuddenly I\xe2\x80\x99ve been promoted from invisible hummus stocker t\xe2\x80\xa6',b'RT If you even take the Name of Sonia Gandhi you are grilled for 12 hours If you expose the Jihad model of extremists then t\xe2\x80\xa6'
b'RT My name is Joe Collins I am Republican I am a Navy veteran I am pro-second Amendment I am America First.\xe2\x80\xa6',"b'RT She was Born in Brooklyn,Shirley Chisholm became the first African American woman elected to Congress in 1968 Just fo\xe2\x80\xa6'","b'RT If Congress adopts laws from our enemy countries that is ""Domestic Terrorism. #ChineseLockdown #coronavirus'",b'RT Adam Schiff repeatedly told Congress and the American people that he had \xe2\x80\x9cdirect evidence of Russian collusion. Accord\xe2\x80\xa6',"b'RT _News All India Railwaymen\'s Federation writes to Congress president Sonia Gandhi asks her to refrain from indulging in ""petty pol\xe2\x80\xa6'",b'RT GOD HELP US! Congress needs to look at this Top Republican fundraiser and Trump ally named postmaster\xe2\x80\xa6',b'_Guha Simply we cant juxtapose ourselves to other well developed nations and their amount of popula https://t.co/dIfEP0yv64',b'RT To all those who support Congress how does it feel to be anti-national?',b'With all due respects sir I respect you a lot but your decision to side with Anna and Bedi was a colo https://t.co/eUCClJTCzw',b'RT Adam Schiff repeatedly told Congress and the American people that he had \xe2\x80\x9cdirect evidence of Russian collusion. Accord\xe2\x80\xa6',b'RT Trump last year \xe2\x80\x9cGreat nations do not fight endless wars.\xe2\x80\x9d Trump today Vetoed bipartisan legislation to help avoid unneces\xe2\x80\xa6',b'RT Even after Bill Barr told Trump it would be political suicide to urge the Supreme Court to strike down ObamaCare Trump\xe2\x80\xa6',b'RT If you even take the Name of Sonia Gandhi you are grilled for 12 hours If you expose the Jihad model of extremists then t\xe2\x80\xa6',b'RT Congress frontal organisation today distributed food packets water bottles and masks to migrant workers at Hisar r\xe2\x80\xa6',b'Is this the joke.of century..bro congress leaders have stakes shares of lion in ndtv',"b'RT ""It isn\xe2\x80\x99t just the services it provides it\xe2\x80\x99s the jobs the path into the middle class and the glue that holds commu\xe2\x80\xa6'",b'RT _us Multiple congress members aligned w Pres Bolsonaro (including his sons are suspected of organizing the protests calling for\xe2\x80\xa6',b'RT Imagine how much better the situation in India would be today if the Congress was in power &amp its manifesto promising Univer\xe2\x80\xa6',b'RT There is a reason why Congress did not return to work this week [DC][non_COVID related]. Think [BOOM drops this week and next\xe2\x80\xa6',b'RT Whoa!!!! This sounds like #obstruction of justice too! NO MORE SPECIAL DEALS for #Congress #WeThePeople have had enough!\xe2\x80\xa6'
b'RT If you even take the Name of Sonia Gandhi you are grilled for 12 hours If you expose the Jihad model of extremists then t\xe2\x80\xa6',b'RT Congress under Sonia and Rahul Gandhi is increasingly resembling a foreign-funded far-Left NGO out to break India Th\xe2\x80\xa6',b'RT There is an international organization called CEPI which includes almost all our allies working right now to find a va\xe2\x80\xa6',b'RT _madhi What about Cauvery Issue? RahulGandhi No Cauvery No Issue! #Seeman No Congress No Vote! #SaveCauveryAuthority http\xe2\x80\xa6',b'RT Hosh thikane aa gaye...lagta hai...congress said we will start bus services if u dont start train service... \xf0\x9f\x98\x82\xf0\x9f\x98\x82\xf0\x9f\x98\x82\xf0\x9f\xa4\xad\xf0\x9f\x98\xb9\xf0\x9f\x98\xb9\xf0\x9f\x98\xb9',b'RT Earlier Youth Congress President had filed an urgent application in Karnataka High Court regarding Trains bei\xe2\x80\xa6',b'Tell to do some work to congress',"b'RT ""We\xe2\x80\x99re killing people with total isolation and lockdown.\xe2\x80\x9d Coronavirus skeptics made their case on Capitol Hill earlier t\xe2\x80\xa6'","b'RT There are also 2 others: Interviews w/Dana Rohrabacher &amp Debbie Wasserman Schultz that are ""being withheld as a \xe2\x80\x9cprofe\xe2\x80\xa6'",b'RT Indian journalists are mainly of 3 kinds: 1 BJP party workers 2 Congress party workers 3 Regional party workers or co\xe2\x80\xa6',b'RT _F_Kennnedy There is a reason why Congress did not return to work this week [DC][non_COVID related]. Think [BOOM drops this week\xe2\x80\xa6',b'RT _pasha #BREAKING News of one senior leader and a few younger ones jumping ship and joining coming in The\xe2\x80\xa6',"b""RT _guanzon NTC's closure of ABS-CBN shows the weakness of democratic institutions when plagued by politics The challenge is on\xe2\x80\xa6""",b'RT Yung sinasabi mo e un ang mga function nila sa government. And keep saying that AS PER RULE\xe2\x80\xa6',b'RT _FL A woman opens her hair salon and she is thrown in jail Hillary Clinton deleted classified emails lied to Congress and coll\xe2\x80\xa6',b'Possibly because they are saying \xe2\x80\x9cFuck you to a woefully under-qualified leech who somehow got elected to Congres https://t.co/vFc9zWx9bq',b'RT Karnataka Govt has now allowed migrant trains U-turn due to pressure from Congress Media &amp civil society. MP _Su\xe2\x80\xa6',b'DEMOCRAT CORRUPTION \xf0\x9f\x91\x87\xe2\x9a\xa0\xef\xb8\x8f\xe2\x80\xbc\xef\xb8\x8f\xe2\x9a\xa0\xef\xb8\x8f\xe2\x80\xbc\xef\xb8\x8f\xe2\x9a\xa0\xef\xb8\x8f\xe2\x80\xbc\xef\xb8\x8f\xe2\x9a\xa0\xef\xb8\x8f\xe2\x80\xbc\xef\xb8\x8f\xe2\x9a\xa0\xef\xb8\x8f\xe2\x80\xbc\xef\xb8\x8f\xe2\x9a\xa0\xef\xb8\x8f\xe2\x80\xbc\xef\xb8\x8f\xe2\x9a\xa0\xef\xb8\x8f\xe2\x80\xbc\xef\xb8\x8f\xe2\x9a\xa0\xef\xb8\x8f\xf0\x9f\x91\x87 Pelosi Bringing illegal immigrants into nation\xe2\x80\x99s \xe2\x80\x98healthcare https://t.co/TUu5KaeMjX',b'RT I\xe2\x80\x99m shocked to hear about the #VizagGasLeak I urge our Congress workers &amp leaders in the area to provide all necessary\xe2\x80\xa6',b'RT The CV scientific meeting of the year is moving online full speed ahead #ESCCongress 2020-Challenging Times Infinite Possi\xe2\x80\xa6'
b'RT If you even take the Name of Sonia Gandhi you are grilled for 12 hours If you expose the Jihad model of extremists then t\xe2\x80\xa6',b'RT Congress under Sonia and Rahul Gandhi is increasingly resembling a foreign-funded far-Left NGO out to break India Th\xe2\x80\xa6',b'RT There is an international organization called CEPI which includes almost all our allies working right now to find a va\xe2\x80\xa6',b'RT _madhi What about Cauvery Issue? RahulGandhi No Cauvery No Issue! #Seeman No Congress No Vote! #SaveCauveryAuthority http\xe2\x80\xa6',b'RT Hosh thikane aa gaye...lagta hai...congress said we will start bus services if u dont start train service... \xf0\x9f\x98\x82\xf0\x9f\x98\x82\xf0\x9f\x98\x82\xf0\x9f\xa4\xad\xf0\x9f\x98\xb9\xf0\x9f\x98\xb9\xf0\x9f\x98\xb9',b'RT Earlier Youth Congress President had filed an urgent application in Karnataka High Court regarding Trains bei\xe2\x80\xa6',b'Tell to do some work to congress',"b'RT ""We\xe2\x80\x99re killing people with total isolation and lockdown.\xe2\x80\x9d Coronavirus skeptics made their case on Capitol Hill earlier t\xe2\x80\xa6'","b'RT There are also 2 others: Interviews w/Dana Rohrabacher &amp Debbie Wasserman Schultz that are ""being withheld as a \xe2\x80\x9cprofe\xe2\x80\xa6'",b'RT Indian journalists are mainly of 3 kinds: 1 BJP party workers 2 Congress party workers 3 Regional party workers or co\xe2\x80\xa6',b'RT _F_Kennnedy There is a reason why Congress did not return to work this week [DC][non_COVID related]. Think [BOOM drops this week\xe2\x80\xa6',b'RT _pasha #BREAKING News of one senior leader and a few younger ones jumping ship and joining coming in The\xe2\x80\xa6',"b""RT _guanzon NTC's closure of ABS-CBN shows the weakness of democratic institutions when plagued by politics The challenge is on\xe2\x80\xa6""",b'RT Yung sinasabi mo e un ang mga function nila sa government. And keep saying that AS PER RULE\xe2\x80\xa6',b'RT _FL A woman opens her hair salon and she is thrown in jail Hillary Clinton deleted classified emails lied to Congress and coll\xe2\x80\xa6',b'Possibly because they are saying \xe2\x80\x9cFuck you to a woefully under-qualified leech who somehow got elected to Congres https://t.co/vFc9zWx9bq',b'RT Karnataka Govt has now allowed migrant trains U-turn due to pressure from Congress Media &amp civil society. MP _Su\xe2\x80\xa6',b'DEMOCRAT CORRUPTION \xf0\x9f\x91\x87\xe2\x9a\xa0\xef\xb8\x8f\xe2\x80\xbc\xef\xb8\x8f\xe2\x9a\xa0\xef\xb8\x8f\xe2\x80\xbc\xef\xb8\x8f\xe2\x9a\xa0\xef\xb8\x8f\xe2\x80\xbc\xef\xb8\x8f\xe2\x9a\xa0\xef\xb8\x8f\xe2\x80\xbc\xef\xb8\x8f\xe2\x9a\xa0\xef\xb8\x8f\xe2\x80\xbc\xef\xb8\x8f\xe2\x9a\xa0\xef\xb8\x8f\xe2\x80\xbc\xef\xb8\x8f\xe2\x9a\xa0\xef\xb8\x8f\xe2\x80\xbc\xef\xb8\x8f\xe2\x9a\xa0\xef\xb8\x8f\xf0\x9f\x91\x87 Pelosi Bringing illegal immigrants into nation\xe2\x80\x99s \xe2\x80\x98healthcare https://t.co/TUu5KaeMjX',b'RT I\xe2\x80\x99m shocked to hear about the #VizagGasLeak I urge our Congress workers &amp leaders in the area to provide all necessary\xe2\x80\xa6',b'RT The CV scientific meeting of the year is moving online full speed ahead #ESCCongress 2020-Challenging Times Infinite Possi\xe2\x80\xa6'
"b""When has trump cared about the law or what congress says It won't matter and the GOP in congress won' https://t.co/fosuzpmzGV""",b'RT NEW Democratic lawmakers are asking the administration to share with Congress the allegedly \xe2\x80\x9cenormous evidence showi\xe2\x80\xa6',b'RT How many would like to to see Adam Schiff\xe2\x80\x99s skinny little pop eyed ass perp walked out of our Congress \xf0\x9f\x96\x90',b'RT NEW Democratic lawmakers are asking the administration to share with Congress the allegedly \xe2\x80\x9cenormous evidence showi\xe2\x80\xa6',b'RT Louis DeJoy Trump supporter and top fundraiser for the GOP Convention will be the new postmaster general For vote by ma\xe2\x80\xa6',b'RT _madhi What about Cauvery Issue? RahulGandhi No Cauvery No Issue! #Seeman No Congress No Vote! #SaveCauveryAuthority http\xe2\x80\xa6',b'RT Jamia has #SafooraZargar #HizbulMujahideen had #RiyazNaikoo Congress has #Nagma !! #NagmaStandsWithPakistan https://t.co\xe2\x80\xa6',b'RT Louis DeJoy Trump supporter and top fundraiser for the GOP Convention will be the new postmaster general For vote by ma\xe2\x80\xa6',b'Only congress workers can help Not others State Government Doctors police and public what about them.',b'RT If you even take the Name of Sonia Gandhi you are grilled for 12 hours If you expose the Jihad model of extremists then t\xe2\x80\xa6',b'RT The All India Railwaymen\xe2\x80\x99s Federation appealed to #Congress president #SoniaGandhi to refrain from indulging in \xe2\x80\x9cpetty\xe2\x80\xa6',b'RT My name is Joe Collins I am Republican I am a Navy veteran I am pro-second Amendment I am America First.\xe2\x80\xa6',b'RT I\xe2\x80\x99m shocked to hear about the #VizagGasLeak I urge our Congress workers &amp leaders in the area to provide all necessary\xe2\x80\xa6',b'RT Imagine how much better the situation in India would be today if the Congress was in power &amp its manifesto promising Univer\xe2\x80\xa6',b'RT Earlier Youth Congress President had filed an urgent application in Karnataka High Court regarding Trains bei\xe2\x80\xa6',b'Both Centet and state Goverments are doing their level best to defeat corona So please let them do their job No B https://t.co/blKht2ByZ1',b'RT If you even take the Name of Sonia Gandhi you are grilled for 12 hours If you expose the Jihad model of extremists then t\xe2\x80\xa6',"b""So what's the payout to lie before #congress when you said it was a #Juul spokesperson #QuitLying https://t.co/Ci2S9o2H8K""","b'RT Trump said he was allowing Dr Fauci to testify before the GOP-led Senate but not the Dem-led House because ""the House is a\xe2\x80\xa6'",b'Absolutely it\xe2\x80\x99s only common sense which some in Congress don\xe2\x80\x99t have be https://t.co/DuVpbSckoh'
b'RT _FL A woman opens her hair salon and she is thrown in jail Hillary Clinton deleted classified emails lied to Congress and coll\xe2\x80\xa6',b'RT If you even take the Name of Sonia Gandhi you are grilled for 12 hours If you expose the Jihad model of extremists then t\xe2\x80\xa6',b'RT Adam Schiff should release the transcripts himself Then apologize to President Trump his family and the American peo\xe2\x80\xa6',"b'RT There are also 2 others: Interviews w/Dana Rohrabacher &amp Debbie Wasserman Schultz that are ""being withheld as a \xe2\x80\x9cprofe\xe2\x80\xa6'",b'RT Good job and Youth Congress team. #humegarvhai',b'RT Thank you Mr President I am humbled and honored to have your endorsement Please support my campaign to defeat Ilhan\xe2\x80\xa6',b'RT _FL A woman opens her hair salon and she is thrown in jail Hillary Clinton deleted classified emails lied to Congress and coll\xe2\x80\xa6',b'RT Imagine how much better the situation in India would be today if the Congress was in power &amp its manifesto promising Univer\xe2\x80\xa6',"b""RT We've written to Congress President Sonia Gandhi &amp;requested her that at this time everybody should unite&amp;nothing should be spread\xe2\x80\xa6""",b'RT Earlier Youth Congress President had filed an urgent application in Karnataka High Court regarding Trains bei\xe2\x80\xa6',b'RT Imagine how much better the situation in India would be today if the Congress was in power &amp its manifesto promising Univer\xe2\x80\xa6',b'RT My name is Joe Collins I am Republican I am a Navy veteran I am pro-second Amendment I am America First.\xe2\x80\xa6',b'RT Adam Schiff repeatedly told Congress and the American people that he had \xe2\x80\x9cdirect evidence of Russian collusion. Accord\xe2\x80\xa6',b'RT _pasha #BREAKING News of one senior leader and a few younger ones jumping ship and joining coming in The\xe2\x80\xa6',b'RT In 2006 Republicans required the USPS to create a $72 billion fund to pay for the cost of its post-reti\xe2\x80\xa6',b'RT Never forget the speaker in #Congress #NancyPelosi who put #AdamSchiff in charge of impeachment Oh and #JerryNadler his\xe2\x80\xa6',b'RT There is an international organization called CEPI which includes almost all our allies working right now to find a va\xe2\x80\xa6',b'RT My name is Joe Collins I am Republican I am a Navy veteran I am pro-second Amendment I am America First.\xe2\x80\xa6',"b""RT Sonia Gandhi 'cried bitterly after seeing #RiyazNaikoo's encounter images Salman Khurshid Congress https://t.co/RRNCue\xe2\x80\xa6""","b""haven't followed impeachment follow up but why are certain republicans asking &amp getting congress transcripts https://t.co/UAmfb6Ln1K"""
b'So sad situation \xf0\x9f\x98\xad#Vizagasleak',b'RT _katz I send my deepest sympathies to the families of the victims of the #VizaGasLeak and wish a speedy recovery to those injure\xe2\x80\xa6',b'I send my deepest sympathies to the families of the victims of the #VizaGasLeak and wish a speedy recovery to those https://t.co/9IIYGfgSlm',b'RT A special #NDRF team skilled in handling chemical accidents conducts search and evacuation at #vizagasleak eak site http\xe2\x80\xa6',b'RT 2010 it was Bhopal gas leak and this time Vizag\xf0\x9f\x98\x94 2020 is killing\xf0\x9f\x98\x96 Stay safe people\xf0\x9f\x98\x94 #vizagasleak',b'In Vishakapatnam gas Leakage at LG Polymers because of that 8 dead &amp 5000 fall sick\xe2\x98\xb9\xef\xb8\x8fplz pray for their families an https://t.co/MsZ5YwFmOd',b'A special #NDRF team skilled in handling chemical accidents conducts search and evacuation at #vizagasleak eak site https://t.co/WTFqfV9nfY',b'Breaking Unfortunately today early morning at chemical factory in Visakhapatnam Andhra Pradesh. A https://t.co/4BrfhmKd0v',b'2010 it was Bhopal gas leak and this time Vizag\xf0\x9f\x98\x94 2020 is killing\xf0\x9f\x98\x96 Stay safe people\xf0\x9f\x98\x94 #vizagasleak'
b'RT Heartwrenching to hear the news of #VizagGasLeak more so during these challenging times.. Heartfelt condolences and s\xe2\x80\xa6',b'RT #VizagGasLeak Preventive measures https://t.co/oFm2FrGvbt',"b'RT #VizagGasLeak So far 9 killed and 1,000 others living close to factory exposed to gas leak in Vizag Government Follow u\xe2\x80\xa6'",b'RT My condolences to the families who lost their loved ones in the #VizagGasLeak Praying for everyone affected and recovering i\xe2\x80\xa6',b'RT All the videos coming from Vizag after #vizagGasLeak just unable to take the pain it\xe2\x80\x99s really heart breaking to c so many de\xe2\x80\xa6',b'RT Who is responsible for this tragedy #VizagGasLeak pray for vizag victims \xe2\x80\xa6',b'RT #VizagGasLeak #PrayForVizag #VizagGasLeakage by the news people living around this is what you should do immediate\xe2\x80\xa6',b'RT Heart breaking news ! Hope the government is doing its best to contain the situation Just when we thought things coul\xe2\x80\xa6',b'RT The news about the #VizagGasLeak is so heartbreaking Prayers and strength for all those affected.',b'RT _tk Many many children found unconscious because of #vizaggasleak Frantic people rush to hospitals The police district colle\xe2\x80\xa6',b'RT _bjp It is very perturbing to hear about the Gas Leak in Visakhapatnam Sincere solaces to the grieved families of the deceas\xe2\x80\xa6',b'RT After gas leakage was reported in the factory lockdown procedure was initiated immediately Local admin was informed Gas was neu\xe2\x80\xa6',b'RT 500 kg of Para-tertiary butyl catechol (PTBC chemical will be airlifted from Daman by Andhra Pradesh govt for neutralizing the ga\xe2\x80\xa6',b'RT My condolences to the families who lost their loved ones in the #VizagGasLeak Praying for everyone affected and recovering i\xe2\x80\xa6',b'RT The news about the #VizagGasLeak is so heartbreaking Prayers and strength for all those affected.',b'RT This is heartbreaking . it\xe2\x80\x99s just getting more and more worse . helpless and all we are left to do is pray \xf0\x9f\x99\x8f\xf0\x9f\x8f\xbc #VizagGasLe\xe2\x80\xa6',"b'#VizagGasLeak 11 dead 1,000 exposed due to gas leak in Vizag govt. Follow for updates https://t.co/oKXUM2tS4l'",b'RT Saddened by the news of gas leak in a plant near Visakhapatnam which has claimed several lives My condolences to the families of\xe2\x80\xa6',b'RT This is heartbreaking . it\xe2\x80\x99s just getting more and more worse . helpless and all we are left to do is pray \xf0\x9f\x99\x8f\xf0\x9f\x8f\xbc #VizagGasLe\xe2\x80\xa6',b'RT #vizaggasleak lo Chanipoyina Each Person ki 1Cr... \xf0\x9f\x99\x8f\xf0\x9f\x99\x8f\xf0\x9f\x99\x8f Good Decision Anna..\xf0\x9f\x99\x8f\xf0\x9f\x99\x8f',b'RT My condolences to the families who lost their loved ones in the #VizagGasLeak Praying for everyone affected and recovering i\xe2\x80\xa6',b'RT #VizagGasLeak Boy is missing.. He is present in narava village at Gali Krishna.. Pan shop.. Contact no.. 9966754209 https\xe2\x80\xa6',b'RT @_avi16 Friend chanipoyadu\xf0\x9f\x98\xa3 #VizagGasLeak',"b'RT From the World Bank India has received Rs 7000 crore ADB Rs 15,000 crore IMF Rs 30,000 cr &amp PM-CARES Fund has over Rs 15,00\xe2\x80\xa6'",b'RT The Visuals From #VizagGasLeak are Heart Wrenching \xf0\x9f\x92\x94\xf0\x9f\x98\xad 9 people including a child have died &gt;1000 are sick &amp many animal\xe2\x80\xa6',b'RT LG Chem said it is cooperating with Indian authorities to help residents and employees #VizagGasLeak #VizagGasTragedy #Visakh\xe2\x80\xa6',b'RT All the videos coming from Vizag after #vizagGasLeak just unable to take the pain it\xe2\x80\x99s really heart breaking to c so many de\xe2\x80\xa6',"b'RT _IND Very scary and tragic #VizagGasLeak No Justice yet for Bhopal Gas Tragedy victims This time ""Absolute Liability""\xe2\x80\xa6'",b'RT Prayers for the victims of Vizag Gas Leak... May God give us all the power to fight all this... #VizagGasLeak https://t.co/Rd8\xe2\x80\xa6',b'RT _real After #VizagGasLeak another #GasLeak reported from a paper mill in Raigadh Chhattisgarh 7 workers who were cleaning the\xe2\x80\xa6',b'RT Vizag please be safe..my heart goes out to everyone affected..Stay Strong-Stay Safe. #VizagGasLeak',b'RT The #VizagGasLeak is heartbreaking to see Condolences to the loved ones of the victims and prayers to those affected.',b'RT My condolences to the families of individuals killed in the #VizagGasLeak in Gopalpatnam I hope those admitted to hospital hav\xe2\x80\xa6',b'Deeply saddened after hearing the #VizagGasTragedy #VizagGasLeak May all the People recover soon #PrayForVizagPeople https://t.co/9WP6HencXb',b'RT Let\xe2\x80\x99s Pray for the affected people to recover soon from this horrible #VizagGasLeak incident Stay Safe Vizag People \xf0\x9f\x99\x8f\xe2\x80\xa6',b'RT 500 kg of Para-tertiary butyl catechol (PTBC chemical will be airlifted from Daman by Andhra Pradesh govt for neutralizing the ga\xe2\x80\xa6',b'RT I\xe2\x80\x99m shocked to hear about the #VizagGasLeak I urge our Congress workers &amp leaders in the area to provide all necessary\xe2\x80\xa6',b'RT All the videos coming from Vizag after #vizagGasLeak just unable to take the pain it\xe2\x80\x99s really heart breaking to c so many de\xe2\x80\xa6',b'RT Extremely saddened to hear about the Visakhapatnam Gas Leak Praying for everyone\xe2\x80\x99s safety there Condolences to the famili\xe2\x80\xa6',b'RT _jsp03 Kalyan annayya about today incident #VizagGasLeak https://t.co/fzXESZt6ic',"b""Heartbroken hearing about the #VizagGasLeak it's really sad that the people of vizag have to face this situation,Wh https://t.co/z2qs7wmlrf""",b'RT Heartwrenching to hear the news of #VizagGasLeak more so during these challenging times.. Heartfelt condolences and s\xe2\x80\xa6',b'RT There have been 7 casualties so far one of them fell into well while trying to escape #VizagGasLeak occurred at around 3:30 am t\xe2\x80\xa6',b'RT The news about the #VizagGasLeak is so heartbreaking Prayers and strength for all those affected.',b'RT On behalf of the U.S Mission in India we extend our heartfelt condolences to the families of the deceased in the #VizagGa\xe2\x80\xa6',b'RT The loss of lives is always sad and my condolences to the bereaved families May god give you strength and I pray for the wel\xe2\x80\xa6',b'RT #JanaSena Chief \xe2\x81\xa6 express grief over #Vizag #VizagGasLeakage incident #VizagGasLeak #PrayForVizagPeople #PawanK\xe2\x80\xa6',b'RT Sad news from everywhere #VizagGasLeak https://t.co/mlWAKaQ4AJ',b'RT #VizagGasLeak Chandrababu Naidu tells TDP cadre to be ready to help people in distress https://t.co/9GFUS0UGxq',"b'RT Some preventive measures #VizagGasLeak Plz like and retweet ,so that other can know https://t.co/QOvhgdPchV'",b'RT CM Anna leaves for #vizag #VizagGasLeak https://t.co/CQ3ToQseS8',b'RT Instil courage among people not to get scared #VizagGasLeak https://t.co/tZWR6JdDKV',b'RT Tears rolling out of eyes by seeing the #VizagGasLeak visuals Condolences to the familes who lost their loved ones R\xe2\x80\xa6',b'RT Horrifying video of #VizagGasLeak.\xf0\x9f\x98\xa5 Gas leak at LG polymer plant in #Vishakapatnam 8 dead 300 hospitalised in #VizagGasTraged\xe2\x80\xa6',b'RT All the videos coming from Vizag after #vizagGasLeak just unable to take the pain it\xe2\x80\x99s really heart breaking to c so many de\xe2\x80\xa6',b'RT #VizagGasLeak is an absolute disaster Prayers to families affected by it.',b'Prayers and Thoughts with all the victims and there families in the #VizagGasLeak #PrayForVizagPeople Life is very unfair:(:(:(',b'RT Terrible tragedy at Vizag.. Reminds us of Bhopal 1984.. and &amp co let the criminals get away.. I hope\xe2\x80\xa6',b'RT Extremely saddened to hear about the Visakhapatnam Gas Leak Praying for everyone\xe2\x80\x99s safety there Condolences to the famili\xe2\x80\xa6',b'RT Heart breaking to know about the #VizagGasLeak My condolences to those families who have lost lives and my sincere prayers\xe2\x80\xa6',b'RT Heartwrenching to hear the news of #VizagGasLeak more so during these challenging times.. Heartfelt condolences and s\xe2\x80\xa6',b'RT The news about the #VizagGasLeak is so heartbreaking Prayers and strength for all those affected.',"b'RT From the World Bank India has received Rs 7000 crore ADB Rs 15,000 crore IMF Rs 30,000 cr &amp PM-CARES Fund has over Rs\xe2\x80\xa6'",b'RT I\xe2\x80\x99m shocked to hear about the #VizagGasLeak I urge our Congress workers &amp leaders in the area to provide all necessary\xe2\x80\xa6',"b""#VizagGasLeakage #VizagGasLeak #VizagGasTragedy #VizagTwitter Just don't panic Help the officials to help you C https://t.co/sHxO2ZEEp3""",b'#VizagGasTragedy #stayalert &amp;#StaySafe #VizagGasLeak #VizagGasLeakage https://t.co/9QnQaivXph',b'RT #JanaSena Chief \xe2\x81\xa6 express grief over #Vizag #VizagGasLeakage incident #VizagGasLeak #PrayForVizagPeople #PawanK\xe2\x80\xa6',b'RT Vizag please be safe..my heart goes out to everyone affected..Stay Strong-Stay Safe. #VizagGasLeak',b'Heartfelt condolences and prayers \xf0\x9f\x99\x8f Heart goes out to bereaved families #VizagGasLeak',b'RT #VizagGasLeak Boy is missing.. He is present in narava village at Gali Krishna.. Pan shop.. Contact no.. 9966754209 https\xe2\x80\xa6',b'RT My condolences to the families who lost their loved ones in the #VizagGasLeak Praying for everyone affected and recovering i\xe2\x80\xa6',b'RT Let all our prayers be with #VizagGasLeak affected people. #PrayForVizag https://t.co/lUNFdtjQ8O',b'RT Scary scenes are coming from vizag Praying for all the affected families \xf0\x9f\x99\x8f\xf0\x9f\x99\x8f\xf0\x9f\x99\x8f #VizagGasLeak #PrayForVizag https://t.co/TH2mM\xe2\x80\xa6',b'RT All the videos coming from Vizag after #vizagGasLeak just unable to take the pain it\xe2\x80\x99s really heart breaking to c so many de\xe2\x80\xa6',b'RT All the videos coming from Vizag after #vizagGasLeak just unable to take the pain it\xe2\x80\x99s really heart breaking to c so many de\xe2\x80\xa6',b'RT All the videos coming from Vizag after #vizagGasLeak just unable to take the pain it\xe2\x80\x99s really heart breaking to c so many de\xe2\x80\xa6',"b'This is very heart breaking \xf0\x9f\x92\x94to see the pictures of vizag Gas leak Leading to loss of Human Life not only humans, https://t.co/xSNyz29sjL'",b'RT The news about the #VizagGasLeak is so heartbreaking Prayers and strength for all those affected.',b'RT _gadkari The loss of lives due to gas leak in Visakhapatnam is disturbing My heartfelt condolences to the families #VizagGasLe\xe2\x80\xa6',b'RT Can 2020 be worst than this? Woke up to this news literally broke my heart Praying for people affected #VizagGasLe\xe2\x80\xa6',b'Very painful disaster...leading to loss of human life due to Gas leakage in Vizag God to give courage to the affe https://t.co/Ur8rvT1NiA',b'RT pls share This.\xf0\x9f\x99\x8f girl is missing in gopal patnam . Pls let us know .8977727175. #VizagGasLeak https://t.co/0OeaF0UuG2',"b'RT From the World Bank India has received Rs 7000 crore ADB Rs 15,000 crore IMF Rs 30,000 cr &amp PM-CARES Fund has over Rs 15,00\xe2\x80\xa6'",b'RT Heartwrenching to hear the news of #VizagGasLeak more so during these challenging times.. Heartfelt condolences and s\xe2\x80\xa6',b'RT Deeply disturbed by the visuals from the #VizagGasLeak Praying for the recovery of those admitted to the hospital Heartf\xe2\x80\xa6',"b""RT #VizagGasLeak If you know what happened after the #BhopalGasTragedy at #UnionCarbide in Bhopal in 1984 you'll definitely fee\xe2\x80\xa6""",b'RT I\xe2\x80\x99m shocked to hear about the #VizagGasLeak I urge our Congress workers &amp leaders in the area to provide all necessary\xe2\x80\xa6',b'RT Heartwrenching to hear the news of #VizagGasLeak more so during these challenging times.. Heartfelt condolences and s\xe2\x80\xa6',b'RT The news about the #VizagGasLeak is so heartbreaking Prayers and strength for all those affected.',b'RT _Andhra The volunteers under instructions of Smt Sonia Gandhi garu &amp Sri Rahul Gandhi garu are assisting victims of the\xe2\x80\xa6',b'RT _ivk Compensation is fine . but why the hell they have given the permission to start the services as its not in the essential one\xe2\x80\xa6',b'RT All the videos coming from Vizag after #vizagGasLeak just unable to take the pain it\xe2\x80\x99s really heart breaking to c so many de\xe2\x80\xa6',b'RT Events like #VizagGasLeak keep haunting us that our arrogance to rule nature has made world so risky for us We must r\xe2\x80\xa6',"b""RT #PawanKalyan's Video Message on #VizagGasLeak issues #PrayForVizag \xf0\x9f\x99\x8f https://t.co/swqKx7olqv""",b'RT #BREAKING NHRC (National Human Rights Commission issues notice to Andhra Pradesh Government and Centre over deaths and\xe2\x80\xa6',b'No No No..! What is Happening in 2020 Just this morning news of the horryfing #VizagGasLeak at #LGPolymers in And https://t.co/SQAQ3i1yLp',b'RT _umesh Praying for everyone affected in Vizag Condolences to the bereaved families \xf0\x9f\x99\x8f #VizagGasLeak',b'RT #VizagGasTragedy A major gas leak at a polymer plant in #Visakhapatnam has left 11 people dead and several critically aff\xe2\x80\xa6',b'RT All the videos coming from Vizag after #vizagGasLeak just unable to take the pain it\xe2\x80\x99s really heart breaking to c so many de\xe2\x80\xa6',"b'RT From the World Bank India has received Rs 7000 crore ADB Rs 15,000 crore IMF Rs 30,000 cr &amp PM-CARES Fund has over Rs 15,00\xe2\x80\xa6'"
b'WAITTT JISUNG COMPOSE A SONG?? SO HE REALLY USE HIS MACBOOK TO COMPOSE A SONG IMCRYING',b'RT nigga was in the club texting bitches how he about to fuck them crazy when he leave meanwhile I\xe2\x80\x99m at home on the MacBoo\xe2\x80\xa6',b'RT __Bello I would have put the MacBook on her head',b'RT __Bello I would have put the MacBook on her head',b'LMAO YOU THINK THAT PEICE OF PLASTIC IS BETTER THAN THE NEW MACBOOK PRO hahahahahahahaahahah',"b""Ground's gonna have to swallow me before I even think about buying a macbook manufactured after 2015 mate""",b'RT nigga was in the club texting bitches how he about to fuck them crazy when he leave meanwhile I\xe2\x80\x99m at home on the MacBoo\xe2\x80\xa6',b'RT #Win an ALL NEW #macbookair2020 #Macbook #Apple To enter #FOLLOW US &amp #RETWEET THIS #Competition T&amp;Cs entrants MUST be\xe2\x80\xa6',b'RT __Bello I would have put the MacBook on her head',b'RT #Win an ALL NEW #macbookair2020 #Macbook #Apple To enter #FOLLOW US &amp #RETWEET THIS #Competition T&amp;Cs entrants MUST be\xe2\x80\xa6',b'RT nigga was in the club texting bitches how he about to fuck them crazy when he leave meanwhile I\xe2\x80\x99m at home on the MacBoo\xe2\x80\xa6',b'RT nigga was in the club texting bitches how he about to fuck them crazy when he leave meanwhile I\xe2\x80\x99m at home on the MacBoo\xe2\x80\xa6',b'RT nigga was in the club texting bitches how he about to fuck them crazy when he leave meanwhile I\xe2\x80\x99m at home on the MacBoo\xe2\x80\xa6',b'RT __Bello I would have put the MacBook on her head',"b""With the latest features and specs 's new 13 #MacBookPro will make heads turn These laptops are almost 3x https://t.co/fCGwgP9TU6""",b'(han ji bought a macbook \xf0\x9f\x98\xb3',b'RT __Bello I would have put the MacBook on her head',b'RT nigga was in the club texting bitches how he about to fuck them crazy when he leave meanwhile I\xe2\x80\x99m at home on the MacBoo\xe2\x80\xa6',b'RT nigga was in the club texting bitches how he about to fuck them crazy when he leave meanwhile I\xe2\x80\x99m at home on the MacBoo\xe2\x80\xa6',b'RT nigga was in the club texting bitches how he about to fuck them crazy when he leave meanwhile I\xe2\x80\x99m at home on the MacBoo\xe2\x80\xa6',b'RT oh to be the macbook that\xe2\x80\x99s beside hongjoong when sleeping https://t.co/dRaoh8prfa',b'Today I get my new MacBook after being out the game for about 5 months my back up laptop gets put BACK UP !!!!! FINALLY \xf0\x9f\x98\x8e',b'RT he came home I was so calm I just handed him the MacBook with all the new and old messages open on the screen.',b'RT __Bello I would have put the MacBook on her head',b'RT nigga was in the club texting bitches how he about to fuck them crazy when he leave meanwhile I\xe2\x80\x99m at home on the MacBoo\xe2\x80\xa6',b'RT nigga was in the club texting bitches how he about to fuck them crazy when he leave meanwhile I\xe2\x80\x99m at home on the MacBoo\xe2\x80\xa6',"b'no exact idea but its a Super Old macbook ! obs needs ver 10.13 or newer and mine only goes up to 10.11 :""))'",b'RT __Bello I would have put the MacBook on her head',b'RT nigga was in the club texting bitches how he about to fuck them crazy when he leave meanwhile I\xe2\x80\x99m at home on the MacBoo\xe2\x80\xa6',b'RT nigga was in the club texting bitches how he about to fuck them crazy when he leave meanwhile I\xe2\x80\x99m at home on the MacBoo\xe2\x80\xa6',b'RT nigga was in the club texting bitches how he about to fuck them crazy when he leave meanwhile I\xe2\x80\x99m at home on the MacBoo\xe2\x80\xa6',b'200507 #JISUNG voice only vlive he bought a macbook!',b'RT __Bello I would have put the MacBook on her head',b'RT __Bello I would have put the MacBook on her head',"b'RT 16-Inches MacBook Pro 1 Terabyte i9 going for \xe2\x82\xb512,950. Please RT my customer may be on your timeline. Call WhatsApp iMe\xe2\x80\xa6'",b'RT nigga was in the club texting bitches how he about to fuck them crazy when he leave meanwhile I\xe2\x80\x99m at home on the MacBoo\xe2\x80\xa6',b'Definitely a Valid question and I have a MacBook \xf0\x9f\xa4\xa3',b'my macbook charger broke and idk where to order a new one ffs',b'RT #Win an ALL NEW #macbookair2020 #Macbook #Apple To enter #FOLLOW US &amp #RETWEET THIS #Competition T&amp;Cs entrants MUST be\xe2\x80\xa6',b'#TECH News refreshes 13in MacBook Pro with Magic Keyboard and double the storage https://t.co/aM1izT9XH0 https://t.co/hcgLojmuRX',b'RT __Bello I would have put the MacBook on her head',b'RT nigga was in the club texting bitches how he about to fuck them crazy when he leave meanwhile I\xe2\x80\x99m at home on the MacBoo\xe2\x80\xa6',b'RT he came home I was so calm I just handed him the MacBook with all the new and old messages open on the screen.',b'RT nigga was in the club texting bitches how he about to fuck them crazy when he leave meanwhile I\xe2\x80\x99m at home on the MacBoo\xe2\x80\xa6',b'RT nigga was in the club texting bitches how he about to fuck them crazy when he leave meanwhile I\xe2\x80\x99m at home on the MacBoo\xe2\x80\xa6',b'RT __Bello I would have put the MacBook on her head',b'RT __Bello I would have put the MacBook on her head',b'RT __Bello I would have put the MacBook on her head',b'RT nigga was in the club texting bitches how he about to fuck them crazy when he leave meanwhile I\xe2\x80\x99m at home on the MacBoo\xe2\x80\xa6',b'RT nigga was in the club texting bitches how he about to fuck them crazy when he leave meanwhile I\xe2\x80\x99m at home on the MacBoo\xe2\x80\xa6',b'Black or white Which one do you like? HUEX ELEMENTS will add elegance to your MacBook With its Marble inspired d https://t.co/HyKOMINDa8',b'RT __Bello I would have put the MacBook on her head',b'RT __Bello I would have put the MacBook on her head',b'RT nigga was in the club texting bitches how he about to fuck them crazy when he leave meanwhile I\xe2\x80\x99m at home on the MacBoo\xe2\x80\xa6',b'RT nigga was in the club texting bitches how he about to fuck them crazy when he leave meanwhile I\xe2\x80\x99m at home on the MacBoo\xe2\x80\xa6',b'RT __Bello I would have put the MacBook on her head',b'RT __Bello I would have put the MacBook on her head',b'RT nigga was in the club texting bitches how he about to fuck them crazy when he leave meanwhile I\xe2\x80\x99m at home on the MacBoo\xe2\x80\xa6',b'RT __Bello I would have put the MacBook on her head',b'RT __Bello I would have put the MacBook on her head',b'RT __Bello I would have put the MacBook on her head',b'RT __Bello I would have put the MacBook on her head',b'RT nigga was in the club texting bitches how he about to fuck them crazy when he leave meanwhile I\xe2\x80\x99m at home on the MacBoo\xe2\x80\xa6',b'RT __Bello I would have put the MacBook on her head',b'RT __Bello I would have put the MacBook on her head',b'RT __Bello I would have put the MacBook on her head',b'RT __Bello I would have put the MacBook on her head',b'RT __Bello I would have put the MacBook on her head',b'RT __Bello I would have put the MacBook on her head',b'13-inch MacBook Pro vs MacBook Air Buy this or buy that https://t.co/f0obIBEHIm',b'RT __Bello I would have put the MacBook on her head',b'RT __Bello I would have put the MacBook on her head',b'RT nigga was in the club texting bitches how he about to fuck them crazy when he leave meanwhile I\xe2\x80\x99m at home on the MacBoo\xe2\x80\xa6',b'RT __Bello I would have put the MacBook on her head',b'RT __Bello I would have put the MacBook on her head',b'RT nigga was in the club texting bitches how he about to fuck them crazy when he leave meanwhile I\xe2\x80\x99m at home on the MacBoo\xe2\x80\xa6',b'RT nigga was in the club texting bitches how he about to fuck them crazy when he leave meanwhile I\xe2\x80\x99m at home on the MacBoo\xe2\x80\xa6',b'RT AirBnB have absolutely smashed it Any employees they are laying off will get 14 weeks pay get to keep their laptops (every em\xe2\x80\xa6',b'RT __Bello I would have put the MacBook on her head',b'RT __Bello I would have put the MacBook on her head',b'RT __Bello I would have put the MacBook on her head',"b""_muir When you turn in your MacBook Wait...$10 Nevermind I didn't see your letter JK""",b'RT he came home I was so calm I just handed him the MacBook with all the new and old messages open on the screen.',b'RT he came home I was so calm I just handed him the MacBook with all the new and old messages open on the screen.',b'RT nigga was in the club texting bitches how he about to fuck them crazy when he leave meanwhile I\xe2\x80\x99m at home on the MacBoo\xe2\x80\xa6',b'RT __Bello I would have put the MacBook on her head',b'RT __Bello I would have put the MacBook on her head',b'RT nigga was in the club texting bitches how he about to fuck them crazy when he leave meanwhile I\xe2\x80\x99m at home on the MacBoo\xe2\x80\xa6',b'RT nigga was in the club texting bitches how he about to fuck them crazy when he leave meanwhile I\xe2\x80\x99m at home on the MacBoo\xe2\x80\xa6',b'You forgot to add pee on Macbook\xf0\x9f\x98\x82\xf0\x9f\x98\x82 https://t.co/PcMl7ttbKC',"b""You're not romantic if you've not : Pissed on his MacBook Burnt her certificates Hide her glasses inhaler Smashed https://t.co/Qi9fXZ9rPj""",b'RT __Bello I would have put the MacBook on her head',b'RT #Win an ALL NEW #macbookair2020 #Macbook #Apple To enter #FOLLOW US &amp #RETWEET THIS #Competition T&amp;Cs entrants MUST be\xe2\x80\xa6',b'RT __Bello I would have put the MacBook on her head',b'RT __Bello I would have put the MacBook on her head',b'RT #Win an ALL NEW #macbookair2020 #Macbook #Apple To enter #FOLLOW US &amp #RETWEET THIS #Competition T&amp;Cs entrants MUST be\xe2\x80\xa6',b'RT nigga was in the club texting bitches how he about to fuck them crazy when he leave meanwhile I\xe2\x80\x99m at home on the MacBoo\xe2\x80\xa6',b'RT nigga was in the club texting bitches how he about to fuck them crazy when he leave meanwhile I\xe2\x80\x99m at home on the MacBoo\xe2\x80\xa6',b'RT AirBnB have absolutely smashed it Any employees they are laying off will get 14 weeks pay get to keep their laptops (every em\xe2\x80\xa6',b'RT @_kimmiekeegan i\xe2\x80\x99m seeing all these testimonies about macbooks lasting up to 10yrs but pls eskiss me how come macbook\xe2\x80\x99s last so long\xe2\x80\xa6'
